surface,rung,gene,pearson_r,cosine,topbase_acc,auroc,macroF1,mae,rmse,jsd_bits,kl_bits,ic_mae,covR,coverage,gate_len_mae,gate_len_bias
test,random_uniform,CLOCK,0.0,0.56573,0.22222,0.5,0.09091,0.32669,0.39204,0.44615,1.63724,1.63724,0.0,1.0,1.0,1.0
test,random_uniform,ELF1,0.0,0.64617,0.27273,0.5,0.10714,0.26433,0.32981,0.31082,1.15881,1.15881,0.0,1.0,3.0,3.0
test,random_uniform,ELF2,0.0,0.61732,0.2,0.5,0.08333,0.28324,0.34639,0.33694,1.26457,1.26457,0.0,1.0,4.0,4.0
test,random_uniform,ELF3,0.0,0.60143,0.45455,0.5,0.15625,0.2963,0.35701,0.36467,1.35558,1.35557,0.0,1.0,3.0,3.0
test,random_uniform,ELK1,0.0,0.55519,0.33333,0.5,0.125,0.32932,0.38788,0.41795,1.56728,1.56728,0.0,1.0,5.0,5.0
test,random_uniform,ELK4,0.0,0.59532,0.25,0.5,0.1,0.30111,0.36049,0.37263,1.38449,1.38449,0.0,1.0,6.0,6.0
test,random_uniform,ERF,0.0,0.59797,0.42857,0.5,0.15,0.30013,0.3541,0.34742,1.31494,1.31494,0.0,1.0,7.0,7.0
test,random_uniform,ERG,0.0,0.61459,0.3,0.5,0.11538,0.28325,0.34298,0.34113,1.2672,1.2672,0.0,1.0,4.0,4.0
test,random_uniform,ETS1,0.0,0.58757,0.33333,0.5,0.125,0.30096,0.35741,0.36274,1.35802,1.35802,0.0,1.0,5.0,5.0
test,random_uniform,ETS2,0.0,0.65363,0.3,0.5,0.11538,0.26543,0.31967,0.29256,1.09659,1.09659,0.0,1.0,4.0,4.0
test,random_uniform,ETV1,0.0,0.58961,0.33333,0.5,0.125,0.30038,0.36014,0.37149,1.38221,1.38221,0.0,1.0,5.0,5.0
test,random_uniform,ETV4,0.0,0.60621,0.375,0.5,0.13636,0.294,0.34908,0.35751,1.32233,1.32233,0.0,1.0,6.0,6.0
test,random_uniform,ETV5,0.0,0.62427,0.33333,0.5,0.125,0.2812,0.34158,0.3407,1.26118,1.26118,0.0,1.0,5.0,5.0
test,random_uniform,ETV6,0.0,0.63316,0.2,0.5,0.08333,0.27382,0.33253,0.30506,1.15793,1.15793,0.0,1.0,4.0,4.0
test,random_uniform,FEV,0.0,0.56828,0.33333,0.5,0.125,0.31755,0.37772,0.41045,1.51987,1.51987,0.0,1.0,5.0,5.0
test,random_uniform,FLI1,0.0,0.62057,0.3,0.5,0.11538,0.28122,0.33873,0.33453,1.24133,1.24133,0.0,1.0,4.0,4.0
test,random_uniform,FOXA1,0.0,0.64831,0.11111,0.5,0.05,0.26029,0.31471,0.28158,1.06357,1.06357,0.0,0.9,1.0,-1.0
test,random_uniform,FOXA2,0.0,0.61311,0.22222,0.5,0.09091,0.28939,0.34397,0.36257,1.31927,1.31927,0.0,0.9,1.0,-1.0
test,random_uniform,FOXA3,0.0,0.61971,0.11111,0.5,0.05,0.28406,0.34163,0.35262,1.28863,1.28863,0.0,0.9,1.0,-1.0
test,random_uniform,FOXC2,0.0,0.5951,0.11111,0.5,0.05,0.30509,0.36102,0.38328,1.4113,1.4113,0.0,0.75,3.0,-3.0
test,random_uniform,FOXD3,0.0,0.69449,0.66667,0.5,0.2,0.23799,0.29154,0.26805,0.97176,0.97176,0.0,0.5,9.0,-9.0
test,random_uniform,FOXG1,0.0,0.62775,0.14286,0.5,0.0625,0.27793,0.34596,0.34542,1.28077,1.28077,0.0,1.0,2.0,2.0
test,random_uniform,FOXK1,0.0,0.63332,0.22222,0.5,0.09091,0.27378,0.33558,0.32289,1.20395,1.20395,0.0,1.0,0.0,0.0
test,random_uniform,FOXK2,0.0,0.6409,0.11111,0.5,0.05,0.26478,0.3295,0.30687,1.15332,1.15332,0.0,1.0,0.0,0.0
test,random_uniform,FOXL2,0.0,0.61683,0.22222,0.5,0.09091,0.28653,0.34383,0.33268,1.24999,1.24999,0.0,0.9,1.0,-1.0
test,random_uniform,FOXM1,0.0,0.65092,0.11111,0.5,0.05,0.26207,0.31032,0.27428,1.0385,1.0385,0.0,0.9,1.0,-1.0
test,random_uniform,FOXN3,0.0,0.51384,0.625,0.5,0.19231,0.36147,0.41739,0.46851,1.77772,1.77772,0.0,1.0,1.0,1.0
test,random_uniform,FOXO1,0.0,0.59015,0.14286,0.5,0.0625,0.29828,0.35664,0.35628,1.34206,1.34206,0.0,1.0,2.0,2.0
test,random_uniform,FOXO3,0.0,0.59495,0.125,0.5,0.05556,0.30228,0.36067,0.36848,1.37675,1.37675,0.0,1.0,1.0,1.0
test,random_uniform,FOXO4,0.0,0.63363,0.125,0.5,0.05556,0.27489,0.33599,0.32244,1.20396,1.20396,0.0,1.0,1.0,1.0
test,random_uniform,FOXP2,0.0,0.58132,0.14286,0.5,0.0625,0.30343,0.35749,0.34844,1.32883,1.32883,0.0,1.0,2.0,2.0
test,random_uniform,FOXP3,0.0,0.6846,0.11111,0.5,0.05,0.24294,0.3029,0.25006,0.95909,0.95909,0.0,1.0,0.0,0.0
test,random_uniform,GABPA,0.0,0.5517,0.33333,0.5,0.125,0.32944,0.38539,0.41865,1.56219,1.56219,0.0,1.0,5.0,5.0
test,random_uniform,GCN4,0.0,0.55024,0.28571,0.5,0.11111,0.33175,0.3854,0.41846,1.56532,1.56532,0.0,1.0,5.0,5.0
test,random_uniform,NFE2L2,0.0,0.62454,0.25,0.5,0.1,0.28433,0.34332,0.31358,1.20572,1.20572,0.0,0.85714,2.0,-2.0
test,random_uniform,P53,0.0,0.62656,0.25,0.5,0.1,0.27495,0.32257,0.28864,1.10142,1.10142,0.0,0.85714,2.0,-2.0
test,random_uniform,POU1F1,0.0,0.58229,0.22222,0.5,0.09091,0.3142,0.36558,0.3822,1.42539,1.42539,0.0,0.64286,5.0,-5.0
test,random_uniform,POU2F1,0.0,0.59064,0.44444,0.5,0.15385,0.2997,0.35078,0.3355,1.28131,1.28131,0.0,1.0,0.0,0.0
test,random_uniform,POU2F2,0.0,0.55911,0.55556,0.5,0.17857,0.32774,0.38952,0.44273,1.62601,1.62601,0.0,0.69231,4.0,-4.0
test,random_uniform,POU2F3,0.0,0.56031,0.44444,0.5,0.15385,0.32388,0.37886,0.37698,1.45226,1.45226,0.0,1.0,0.0,0.0
test,random_uniform,POU3F1,0.0,0.6259,0.44444,0.5,0.15385,0.28138,0.33158,0.30562,1.16162,1.16162,0.0,0.9,1.0,-1.0
test,random_uniform,POU3F2,0.0,0.604,0.44444,0.5,0.15385,0.29888,0.34972,0.34044,1.28845,1.28845,0.0,0.75,3.0,-3.0
test,random_uniform,POU5F1,0.0,0.56017,0.57143,0.5,0.18182,0.32165,0.37409,0.35964,1.40185,1.40185,0.0,1.0,2.0,2.0
test,random_uniform,POU5F1::SOX2,0.0,0.6434,0.11111,0.5,0.05,0.26903,0.32275,0.28606,1.094,1.094,0.0,0.69231,4.0,-4.0
test,random_uniform,POU6F1,0.0,0.55735,0.42857,0.5,0.15,0.32506,0.38054,0.39361,1.49356,1.49356,0.0,1.0,2.0,2.0
test,random_uniform,SKN-1,0.0,0.58706,0.5,0.5,0.16667,0.30238,0.3606,0.37704,1.39591,1.39591,0.0,1.0,4.0,4.0
test,random_uniform,SPDEF,0.0,0.63297,0.2,0.5,0.08333,0.28002,0.34155,0.33564,1.2472,1.2472,0.0,1.0,4.0,4.0
test,random_uniform,THRB,0.0,0.627,0.2,0.5,0.08333,0.27508,0.33562,0.31715,1.19238,1.19238,0.0,0.83333,3.0,-3.0
test,random_uniform,TP53,0.0,0.65322,0.25,0.5,0.1,0.26149,0.30889,0.27305,1.02982,1.02982,0.0,0.66667,6.0,-6.0
test,random_uniform,TP63,0.0,0.61497,0.33333,0.5,0.125,0.28626,0.34301,0.3548,1.29985,1.29985,0.0,0.66667,6.0,-6.0
test,random_uniform,TP73,0.0,0.67399,0.25,0.5,0.1,0.24607,0.31167,0.27866,1.04208,1.04208,0.0,0.75,4.0,-4.0
test,random_train_pwm,CLOCK,0.44546,0.6011,0.53968,0.75424,0.46042,0.25461,0.41172,0.40284,3.95224,0.72564,0.33565,0.72222,1.0,1.0
test,random_train_pwm,ELF1,0.44028,0.61678,0.6,0.60714,0.375,0.24458,0.40922,0.38995,3.14795,0.66062,0.16997,0.72727,3.0,3.0
test,random_train_pwm,ELF2,0.40898,0.61395,0.51429,0.75126,0.45893,0.26818,0.3902,0.3857,2.59096,1.08538,0.34504,1.0,4.0,4.0
test,random_train_pwm,ELF3,0.45042,0.62167,0.55556,0.83128,0.43452,0.26991,0.40287,0.39275,2.51791,1.0301,0.36853,0.81818,3.0,3.0
test,random_train_pwm,ELK1,0.66985,0.75693,0.77778,0.78189,0.78929,0.16433,0.33831,0.25025,5.87335,0.35577,0.66985,1.0,5.0,5.0
test,random_train_pwm,ELK4,0.49455,0.64684,0.57411,0.7516,0.43958,0.23387,0.38491,0.35362,4.50531,0.7228,0.43592,0.875,6.0,6.0
test,random_train_pwm,ERF,0.56137,0.79175,0.64286,0.8875,0.35,0.15471,0.25389,0.16968,0.72595,0.50176,0.56137,1.0,7.0,7.0
test,random_train_pwm,ERG,0.41028,0.63627,0.50714,0.68041,0.41176,0.24555,0.36953,0.35054,3.79298,0.80758,0.24117,0.775,4.0,4.0
test,random_train_pwm,ETS1,0.41708,0.62545,0.53589,0.72325,0.42929,0.24772,0.37507,0.34879,2.88216,0.75677,0.26596,0.85,5.0,5.0
test,random_train_pwm,ETS2,0.40003,0.67578,0.45,0.78205,0.36667,0.22265,0.32228,0.27387,1.72662,0.56678,0.40003,1.0,4.0,4.0
test,random_train_pwm,ETV1,0.55467,0.70807,0.6,0.86667,0.36667,0.26487,0.33104,0.32471,1.89576,1.47619,0.30815,0.77778,5.0,5.0
test,random_train_pwm,ETV4,0.33778,0.5074,0.5,0.6713,0.39167,0.29878,0.48137,0.50274,6.74503,0.48573,0.1314,0.875,6.0,6.0
test,random_train_pwm,ETV5,0.38466,0.62517,0.6,0.62637,0.375,0.2471,0.36202,0.3381,1.3996,0.71497,0.16915,0.88889,5.0,5.0
test,random_train_pwm,ETV6,0.54569,0.69159,0.66667,0.77034,0.56706,0.23427,0.34348,0.30397,3.96693,0.82916,0.35949,0.8,4.0,4.0
test,random_train_pwm,FEV,0.42713,0.64224,0.5,0.75781,0.27083,0.26981,0.36288,0.34703,1.39424,1.23865,0.36751,1.0,5.0,5.0
test,random_train_pwm,FLI1,0.47245,0.6463,0.57964,0.73089,0.46476,0.24059,0.37099,0.34565,3.09163,0.7303,0.23349,0.81,4.0,4.0
test,random_train_pwm,FOXA1,0.50397,0.71131,0.59722,0.81285,0.43021,0.20064,0.32132,0.25427,3.12825,0.63007,0.31813,0.7,1.0,-1.0
test,random_train_pwm,FOXA2,0.35657,0.626,0.44444,0.65726,0.36567,0.24697,0.35625,0.33856,2.93975,0.52361,0.22359,0.63333,1.0,-1.0
test,random_train_pwm,FOXA3,0.32187,0.58294,0.42857,0.68056,0.25,0.28428,0.37908,0.39097,2.76524,0.98312,0.17775,0.6,1.0,-1.0
test,random_train_pwm,FOXC2,0.43622,0.66097,0.58227,0.74192,0.52913,0.22306,0.35253,0.31532,2.2635,0.67758,0.29332,0.61667,3.0,-3.0
test,random_train_pwm,FOXD3,0.11627,0.51393,0.27778,0.57065,0.23413,0.28625,0.40549,0.39853,2.15177,0.55577,0.12538,0.5,9.0,-9.0
test,random_train_pwm,FOXG1,0.38401,0.61293,0.66667,0.625,0.75,0.29081,0.37445,0.40904,3.11492,1.19294,0.3216,0.42857,2.0,2.0
test,random_train_pwm,FOXK1,0.52767,0.68543,0.65079,0.73457,0.4881,0.23438,0.36264,0.33231,4.91588,0.93546,0.33471,0.62963,0.0,0.0
test,random_train_pwm,FOXK2,0.39773,0.63781,0.59028,0.74409,0.45486,0.22096,0.3576,0.31197,1.83542,0.55911,0.41578,0.88889,0.0,0.0
test,random_train_pwm,FOXL2,0.38792,0.61258,0.55714,0.68417,0.3918,0.26755,0.39301,0.36728,2.63182,0.81553,0.36175,0.8,1.0,-1.0
test,random_train_pwm,FOXM1,0.54228,0.69988,0.63095,0.74671,0.45754,0.21394,0.33786,0.27802,3.8126,0.57195,0.3614,0.73333,1.0,-1.0
test,random_train_pwm,FOXN3,0.50889,0.65256,0.61667,0.73924,0.46944,0.20487,0.38981,0.33377,4.53918,0.40544,0.33094,0.75,1.0,1.0
test,random_train_pwm,FOXO1,0.48864,0.65461,0.62208,0.75335,0.43696,0.23157,0.37329,0.33276,3.61137,0.64757,0.39067,0.76623,2.0,2.0
test,random_train_pwm,FOXO3,0.62764,0.74312,0.6875,0.88617,0.53125,0.20164,0.31383,0.25949,1.3924,0.77592,0.44505,0.8125,1.0,1.0
test,random_train_pwm,FOXO4,0.27752,0.59368,0.5,0.55,0.55952,0.26197,0.36699,0.33862,1.45024,0.69423,0.3067,0.625,1.0,1.0
test,random_train_pwm,FOXP2,0.60015,0.74047,0.66667,0.82993,0.3746,0.17914,0.28157,0.25146,2.78356,0.49723,0.36418,0.7619,2.0,2.0
test,random_train_pwm,FOXP3,0.40222,0.67084,0.5043,0.68872,0.3436,0.22813,0.33662,0.28305,2.91344,0.66088,0.29984,0.74269,0.0,0.0
test,random_train_pwm,GABPA,0.48862,0.62451,0.625,0.79167,0.48095,0.22953,0.41051,0.37202,3.1944,0.60559,0.43433,0.88889,5.0,5.0
test,random_train_pwm,GCN4,0.58942,0.72889,0.71637,0.77831,0.63229,0.18958,0.32005,0.2705,2.31879,0.59537,0.41935,0.89286,5.0,5.0
test,random_train_pwm,NFE2L2,0.30872,0.61466,0.4631,0.68533,0.41913,0.24151,0.3767,0.32889,3.06251,0.6248,0.19858,0.68571,2.0,-2.0
test,random_train_pwm,P53,0.37534,0.62671,0.50045,0.6871,0.44005,0.24154,0.35963,0.32188,3.89435,0.64087,0.2394,0.66165,2.0,-2.0
test,random_train_pwm,POU1F1,0.41447,0.61283,0.56199,0.689,0.46865,0.25534,0.39211,0.37728,3.01019,0.72956,0.22927,0.40476,5.0,-5.0
test,random_train_pwm,POU2F1,0.42642,0.63006,0.56893,0.69941,0.45198,0.23426,0.37502,0.33123,3.60354,0.56488,0.2769,0.77778,0.0,0.0
test,random_train_pwm,POU2F2,0.36103,0.62751,0.46288,0.71989,0.37361,0.24229,0.37463,0.34395,3.67988,0.72167,0.21651,0.66667,4.0,-4.0
test,random_train_pwm,POU2F3,0.54596,0.67628,0.65556,0.80419,0.4495,0.22219,0.36288,0.31976,4.14049,0.68214,0.34091,0.72222,0.0,0.0
test,random_train_pwm,POU3F1,0.51351,0.69166,0.6,0.72619,0.45,0.22554,0.31446,0.25328,1.19894,0.842,0.24767,0.7,1.0,-1.0
test,random_train_pwm,POU3F2,0.30969,0.63508,0.44444,0.66,0.475,0.22699,0.34655,0.29694,1.73867,0.53204,0.23227,0.75,3.0,-3.0
test,random_train_pwm,POU5F1,0.58292,0.71474,0.70496,0.80049,0.50516,0.20596,0.33078,0.27277,3.66107,0.63864,0.36939,0.7381,2.0,2.0
test,random_train_pwm,POU5F1::SOX2,0.42089,0.64896,0.59172,0.67909,0.47872,0.23945,0.36009,0.32531,4.59993,0.72817,0.25461,0.51923,4.0,-4.0
test,random_train_pwm,POU6F1,0.47091,0.64936,0.55357,0.75083,0.42639,0.23076,0.36974,0.33725,3.80582,0.68102,0.36918,0.66667,2.0,2.0
test,random_train_pwm,SKN-1,0.73358,0.81199,0.6,0.88095,0.41667,0.17562,0.26904,0.22728,0.80519,0.89222,0.45848,1.0,4.0,4.0
test,random_train_pwm,SPDEF,0.41119,0.70567,0.55556,0.77636,0.33333,0.21411,0.31539,0.25339,0.94643,0.83395,0.0894,0.5,4.0,4.0
test,random_train_pwm,THRB,0.39459,0.63644,0.49258,0.7283,0.42351,0.23351,0.35359,0.31198,2.96719,0.64635,0.19676,0.66667,3.0,-3.0
test,random_train_pwm,TP53,0.27162,0.53515,0.46036,0.54694,0.37738,0.28648,0.42619,0.42999,5.77182,0.69663,0.11461,0.48611,6.0,-6.0
test,random_train_pwm,TP63,0.39711,0.6273,0.53983,0.67634,0.49649,0.23755,0.37513,0.35139,4.40859,0.64412,0.20175,0.57937,6.0,-6.0
test,random_train_pwm,TP73,0.36024,0.62509,0.48442,0.6496,0.42086,0.25216,0.36521,0.34071,3.7455,0.77175,0.17648,0.53571,4.0,-4.0
test,B0_global,CLOCK,0.40199,0.55392,0.66667,0.69444,0.38095,0.3401,0.40169,0.46553,1.70648,1.7385,0.18633,0.55556,1.0,1.0
test,B0_global,ELF1,0.5551,0.63317,0.71429,0.75625,0.53333,0.29617,0.35569,0.36378,1.3257,1.43915,0.35325,0.63636,3.0,3.0
test,B0_global,ELF2,0.52638,0.6546,0.625,0.84375,0.47619,0.27823,0.34122,0.32922,1.21079,1.31201,0.42111,0.8,4.0,4.0
test,B0_global,ELF3,0.69565,0.60912,0.85714,0.8875,0.61667,0.31848,0.37616,0.41477,1.49638,1.64251,0.44269,0.63636,3.0,3.0
test,B0_global,ELK1,0.63782,0.58903,0.83333,0.87963,0.61667,0.32957,0.38464,0.42215,1.53887,1.67945,0.27665,0.55556,5.0,5.0
test,B0_global,ELK4,0.57087,0.6494,0.83333,0.71094,0.61667,0.28578,0.34252,0.35556,1.27119,1.38627,0.29593,0.625,6.0,6.0
test,B0_global,ERF,0.58211,0.64404,0.83333,0.80672,0.61667,0.29138,0.34243,0.337,1.23293,1.35381,0.32574,0.71429,7.0,7.0
test,B0_global,ERG,0.55459,0.6347,0.71429,0.75625,0.53333,0.2923,0.34993,0.36028,1.30424,1.42039,0.38821,0.7,4.0,4.0
test,B0_global,ETS1,0.5964,0.62955,0.83333,0.80672,0.61667,0.29381,0.35035,0.37216,1.33376,1.45359,0.25785,0.55556,5.0,5.0
test,B0_global,ETS2,0.55985,0.64726,0.71429,0.85034,0.53333,0.28302,0.34187,0.3241,1.20158,1.31378,0.3919,0.7,4.0,4.0
test,B0_global,ETV1,0.6052,0.62763,0.83333,0.87963,0.61667,0.29496,0.35365,0.37302,1.3422,1.46132,0.26569,0.55556,5.0,5.0
test,B0_global,ETV4,0.60808,0.63705,0.83333,0.87963,0.61667,0.29009,0.351,0.3572,1.29899,1.41772,0.28289,0.625,6.0,6.0
test,B0_global,ETV5,0.56474,0.63877,0.83333,0.70312,0.61667,0.2939,0.34648,0.36352,1.30671,1.40923,0.25654,0.55556,5.0,5.0
test,B0_global,ETV6,0.56274,0.62628,0.71429,0.85034,0.53333,0.29698,0.3539,0.34197,1.27656,1.38922,0.39392,0.7,4.0,4.0
test,B0_global,FEV,0.61682,0.60185,0.83333,0.87963,0.61667,0.31559,0.37304,0.41519,1.48961,1.62234,0.26991,0.55556,5.0,5.0
test,B0_global,FLI1,0.54661,0.63795,0.71429,0.7875,0.53333,0.28984,0.34649,0.35294,1.27793,1.39293,0.38262,0.7,4.0,4.0
test,B0_global,FOXA1,0.65075,0.77728,0.6,0.9375,0.36667,0.18628,0.22744,0.15654,0.58509,0.62777,0.40515,0.8,1.0,-1.0
test,B0_global,FOXA2,0.66785,0.71537,0.4,0.9375,0.25,0.23588,0.27705,0.25301,0.90636,0.96259,0.40646,0.8,1.0,-1.0
test,B0_global,FOXA3,0.68489,0.74364,0.6,0.9375,0.36667,0.21558,0.25927,0.21876,0.7876,0.83765,0.41281,0.8,1.0,-1.0
test,B0_global,FOXC2,0.3816,0.62515,0.66667,0.67636,0.39394,0.29723,0.35114,0.36632,1.33419,1.40261,0.36085,0.66667,3.0,-3.0
test,B0_global,FOXD3,0.40086,0.66519,0.5,0.68691,0.49747,0.26695,0.32397,0.32113,1.16065,1.21546,0.22878,0.5,9.0,-9.0
test,B0_global,FOXG1,0.30379,0.63619,0.42857,0.60819,0.43333,0.27448,0.34321,0.33998,1.25937,1.27436,0.24889,1.0,2.0,2.0
test,B0_global,FOXK1,0.40334,0.65446,0.66667,0.69455,0.55,0.26622,0.32942,0.31291,1.15721,1.19724,0.38997,0.77778,0.0,0.0
test,B0_global,FOXK2,0.42287,0.6702,0.55556,0.71273,0.325,0.25671,0.32031,0.29163,1.0877,1.14463,0.42287,1.0,0.0,0.0
test,B0_global,FOXL2,0.44621,0.65516,0.7,0.77743,0.55833,0.2683,0.32678,0.30247,1.12717,1.18061,0.34289,0.7,1.0,-1.0
test,B0_global,FOXM1,0.58441,0.76995,0.8,0.86869,0.5,0.19421,0.21977,0.16754,0.60522,0.6503,0.39591,0.8,1.0,-1.0
test,B0_global,FOXN3,0.39955,0.5476,0.625,0.74479,0.38889,0.3521,0.40737,0.44898,1.68659,1.76907,0.39955,1.0,1.0,1.0
test,B0_global,FOXO1,0.39315,0.62162,0.57143,0.72109,0.38095,0.28862,0.34722,0.33999,1.27003,1.33265,0.39315,1.0,2.0,2.0
test,B0_global,FOXO3,0.3992,0.62548,0.625,0.75362,0.38889,0.29237,0.35124,0.35228,1.30349,1.36809,0.3992,1.0,1.0,1.0
test,B0_global,FOXO4,0.32716,0.65773,0.625,0.65909,0.38889,0.26798,0.32839,0.3103,1.14951,1.1953,0.32716,1.0,1.0,1.0
test,B0_global,FOXP2,0.36175,0.6106,0.57143,0.72109,0.38095,0.29377,0.34884,0.33424,1.2627,1.31942,0.36175,1.0,2.0,2.0
test,B0_global,FOXP3,0.34962,0.70935,0.66667,0.76254,0.39394,0.23404,0.29438,0.23806,0.90402,0.95039,0.34962,1.0,0.0,0.0
test,B0_global,GABPA,0.63262,0.59205,0.83333,0.87963,0.61667,0.32636,0.38254,0.42832,1.54567,1.68383,0.26957,0.55556,5.0,5.0
test,B0_global,GCN4,0.62785,0.57319,0.6,0.85714,0.54167,0.32916,0.38339,0.4309,1.5716,1.64172,0.44847,0.71429,5.0,5.0
test,B0_global,NFE2L2,0.66876,0.59268,0.66667,0.90756,0.58333,0.31451,0.37221,0.39244,1.451,1.53512,0.28661,0.42857,2.0,-2.0
test,B0_global,P53,0.22132,0.65249,0.33333,0.55273,0.33333,0.26295,0.3068,0.26199,0.99935,1.01052,0.14228,0.64286,2.0,-2.0
test,B0_global,POU1F1,0.53793,0.64288,0.625,0.83182,0.4375,0.2926,0.34026,0.33769,1.23598,1.3588,0.30739,0.57143,5.0,-5.0
test,B0_global,POU2F1,0.30933,0.61972,0.44444,0.71923,0.26786,0.29023,0.34145,0.31946,1.21108,1.2746,0.32451,0.66667,0.0,0.0
test,B0_global,POU2F2,0.54665,0.67393,0.625,0.82126,0.4375,0.26619,0.32255,0.30225,1.10509,1.219,0.3364,0.61538,4.0,-4.0
test,B0_global,POU2F3,0.41122,0.59856,0.5,0.75,0.41667,0.31481,0.36816,0.35957,1.36569,1.46156,0.27415,0.66667,0.0,0.0
test,B0_global,POU3F1,0.34966,0.63326,0.44444,0.74182,0.26786,0.28444,0.33503,0.30661,1.16509,1.23284,0.31603,0.6,1.0,-1.0
test,B0_global,POU3F2,0.59431,0.71323,0.71429,0.84795,0.46429,0.24276,0.29165,0.24683,0.90906,1.02858,0.34668,0.58333,3.0,-3.0
test,B0_global,POU5F1,0.44613,0.59779,0.71429,0.7483,0.38889,0.31124,0.36157,0.33815,1.30095,1.39359,0.35171,0.71429,2.0,2.0
test,B0_global,POU5F1::SOX2,0.33601,0.67678,0.6,0.60399,0.425,0.25128,0.30119,0.24831,0.9453,1.00406,0.21227,0.69231,4.0,-4.0
test,B0_global,POU6F1,0.60026,0.6158,0.57143,0.91156,0.33929,0.30922,0.36166,0.36085,1.3384,1.48437,0.60026,1.0,2.0,2.0
test,B0_global,SKN-1,0.41702,0.62865,0.625,0.78261,0.36667,0.29052,0.34693,0.35439,1.28848,1.3874,0.41702,1.0,4.0,4.0
test,B0_global,SPDEF,0.21723,0.6407,0.3,0.5698,0.225,0.2768,0.33968,0.33196,1.23208,1.24013,0.21723,1.0,4.0,4.0
test,B0_global,THRB,0.24202,0.65486,0.41667,0.70378,0.33333,0.26059,0.32024,0.29473,1.09493,1.12581,0.15253,0.61111,3.0,-3.0
test,B0_global,TP53,0.53085,0.66415,0.75,0.81818,0.45,0.26114,0.31671,0.27128,1.03949,1.07931,0.11797,0.22222,6.0,-6.0
test,B0_global,TP63,0.22966,0.60969,0.33333,0.62626,0.38889,0.2947,0.35475,0.37545,1.37484,1.40015,0.15311,0.66667,6.0,-6.0
test,B0_global,TP73,0.38183,0.63825,0.5,0.78125,0.33333,0.28276,0.33306,0.33206,1.22727,1.2594,0.14318,0.375,4.0,-4.0
test,B0_family,CLOCK,0.5577,0.70612,0.66667,0.84231,0.65833,0.27291,0.34081,0.34567,1.20422,1.47756,0.5577,1.0,1.0,1.0
test,B0_family,ELF1,0.63335,0.82751,0.72727,0.79404,0.65972,0.13235,0.21638,0.13236,0.67261,0.43049,0.63335,1.0,3.0,3.0
test,B0_family,ELF2,0.71315,0.85379,0.7,0.9,0.61667,0.12109,0.20603,0.11591,0.53816,0.39562,0.71315,1.0,4.0,4.0
test,B0_family,ELF3,0.65478,0.84003,0.72727,0.85677,0.6375,0.12576,0.20319,0.1284,0.61563,0.47118,0.65478,1.0,3.0,3.0
test,B0_family,ELK1,0.68778,0.80428,0.77778,0.9177,0.67857,0.13948,0.26723,0.18617,0.8329,0.53856,0.68778,1.0,5.0,5.0
test,B0_family,ELK4,0.62352,0.77676,0.75,0.84545,0.66429,0.15661,0.27023,0.19388,0.92163,0.43631,0.62352,1.0,6.0,6.0
test,B0_family,ERF,0.93123,0.95961,1.0,0.96875,0.75,0.07885,0.11229,0.0628,0.2713,0.2662,0.93123,1.0,7.0,7.0
test,B0_family,ERG,0.7347,0.85052,0.8,0.87464,0.68651,0.12188,0.21095,0.12968,0.59938,0.3564,0.7347,1.0,4.0,4.0
test,B0_family,ETS1,0.6769,0.80672,0.77778,0.89231,0.67857,0.14252,0.25221,0.16989,0.8268,0.3809,0.6769,1.0,5.0,5.0
test,B0_family,ETS2,0.80332,0.90432,0.8,0.94017,0.68651,0.10324,0.15565,0.08,0.37749,0.28763,0.80332,1.0,4.0,4.0
test,B0_family,ETV1,0.68234,0.8058,0.77778,0.9177,0.67857,0.14283,0.25818,0.17643,0.8418,0.45448,0.68234,1.0,5.0,5.0
test,B0_family,ETV4,0.76057,0.86367,0.875,0.93237,0.71429,0.11668,0.20126,0.12626,0.58665,0.34903,0.76057,1.0,6.0,6.0
test,B0_family,ETV5,0.67181,0.80399,0.77778,0.80903,0.67857,0.15266,0.25236,0.17046,0.86841,0.4784,0.67181,1.0,5.0,5.0
test,B0_family,ETV6,0.72728,0.86507,0.7,0.92857,0.61667,0.11615,0.18762,0.10204,0.48975,0.32698,0.72728,1.0,4.0,4.0
test,B0_family,FEV,0.6836,0.80319,0.77778,0.9177,0.67857,0.14039,0.26533,0.19046,0.85566,0.49218,0.6836,1.0,5.0,5.0
test,B0_family,FLI1,0.75178,0.86047,0.8,0.90028,0.68651,0.11659,0.20333,0.12484,0.57391,0.34028,0.75178,1.0,4.0,4.0
test,B0_family,FOXA1,0.56503,0.8018,0.66667,0.78472,0.55682,0.18542,0.24868,0.15968,0.72564,0.60461,0.50852,0.9,1.0,-1.0
test,B0_family,FOXA2,0.52252,0.76898,0.55556,0.78472,0.44167,0.21164,0.28351,0.23105,0.98538,0.82258,0.47027,0.9,1.0,-1.0
test,B0_family,FOXA3,0.54415,0.78169,0.66667,0.8,0.55682,0.2045,0.27648,0.21779,0.93312,0.80137,0.48974,0.9,1.0,-1.0
test,B0_family,FOXC2,0.64474,0.79487,0.66667,0.85455,0.55682,0.21134,0.2741,0.22821,0.86931,0.9942,0.48355,0.75,3.0,-3.0
test,B0_family,FOXD3,0.52674,0.77785,0.55556,0.73052,0.34848,0.19056,0.25621,0.20206,0.84144,0.68234,0.26337,0.5,9.0,-9.0
test,B0_family,FOXG1,0.67045,0.81186,0.71429,0.77778,0.60417,0.2063,0.25303,0.19826,0.81951,0.93539,0.67045,1.0,2.0,2.0
test,B0_family,FOXK1,0.55578,0.79616,0.55556,0.85455,0.44167,0.20002,0.25733,0.18657,0.77306,0.79329,0.55578,1.0,0.0,0.0
test,B0_family,FOXK2,0.68672,0.79682,0.71429,0.82313,0.60417,0.21085,0.27004,0.20691,0.90349,0.86278,0.53411,0.77778,0.0,0.0
test,B0_family,FOXL2,0.54292,0.78353,0.55556,0.81154,0.44167,0.20598,0.26495,0.19613,0.78594,0.78606,0.48862,0.9,1.0,-1.0
test,B0_family,FOXM1,0.53579,0.79268,0.66667,0.74582,0.55682,0.1817,0.24781,0.16679,0.75183,0.5414,0.48221,0.9,1.0,-1.0
test,B0_family,FOXN3,0.61255,0.72045,0.71429,0.82313,0.60417,0.2543,0.34305,0.31066,1.31124,1.22177,0.53598,0.875,1.0,1.0
test,B0_family,FOXO1,0.69531,0.80519,0.71429,0.82313,0.60417,0.2015,0.26313,0.19284,0.86955,0.80964,0.69531,1.0,2.0,2.0
test,B0_family,FOXO3,0.66861,0.77789,0.71429,0.82313,0.60417,0.22313,0.28937,0.23612,1.00484,0.97545,0.58504,0.875,1.0,1.0
test,B0_family,FOXO4,0.74518,0.84449,0.71429,0.90058,0.60417,0.19048,0.24019,0.18212,0.70842,0.89163,0.65203,0.875,1.0,1.0
test,B0_family,FOXP2,0.68655,0.79818,0.71429,0.82313,0.60417,0.20174,0.26568,0.18704,0.85116,0.77287,0.68655,1.0,2.0,2.0
test,B0_family,FOXP3,0.76058,0.84652,0.71429,0.88889,0.60417,0.18522,0.23025,0.15577,0.65487,0.77868,0.59156,0.77778,0.0,0.0
test,B0_family,GABPA,0.69727,0.8146,0.77778,0.9177,0.67857,0.13594,0.25233,0.16874,0.76315,0.49802,0.69727,1.0,5.0,5.0
test,B0_family,GCN4,0.53093,0.65043,0.57143,0.78125,0.51667,0.2968,0.35287,0.35563,1.2979,1.48315,0.53093,1.0,5.0,5.0
test,B0_family,NFE2L2,0.40894,0.63342,0.45455,0.77865,0.40952,0.29749,0.35619,0.34321,1.29095,1.41843,0.32131,0.78571,2.0,-2.0
test,B0_family,P53,0.22132,0.65249,0.33333,0.55273,0.33333,0.26295,0.3068,0.26199,0.99935,1.01052,0.14228,0.64286,2.0,-2.0
test,B0_family,POU1F1,0.53793,0.64288,0.625,0.83182,0.4375,0.2926,0.34026,0.33769,1.23598,1.3588,0.30739,0.57143,5.0,-5.0
test,B0_family,POU2F1,0.30933,0.61972,0.44444,0.71923,0.26786,0.29023,0.34145,0.31946,1.21108,1.2746,0.32451,0.66667,0.0,0.0
test,B0_family,POU2F2,0.54665,0.67393,0.625,0.82126,0.4375,0.26619,0.32255,0.30225,1.10509,1.219,0.3364,0.61538,4.0,-4.0
test,B0_family,POU2F3,0.41122,0.59856,0.5,0.75,0.41667,0.31481,0.36816,0.35957,1.36569,1.46156,0.27415,0.66667,0.0,0.0
test,B0_family,POU3F1,0.34966,0.63326,0.44444,0.74182,0.26786,0.28444,0.33503,0.30661,1.16509,1.23284,0.31603,0.6,1.0,-1.0
test,B0_family,POU3F2,0.59431,0.71323,0.71429,0.84795,0.46429,0.24276,0.29165,0.24683,0.90906,1.02858,0.34668,0.58333,3.0,-3.0
test,B0_family,POU5F1,0.44613,0.59779,0.71429,0.7483,0.38889,0.31124,0.36157,0.33815,1.30095,1.39359,0.35171,0.71429,2.0,2.0
test,B0_family,POU5F1::SOX2,0.33601,0.67678,0.6,0.60399,0.425,0.25128,0.30119,0.24831,0.9453,1.00406,0.21227,0.69231,4.0,-4.0
test,B0_family,POU6F1,0.60026,0.6158,0.57143,0.91156,0.33929,0.30922,0.36166,0.36085,1.3384,1.48437,0.60026,1.0,2.0,2.0
test,B0_family,SKN-1,0.46204,0.67901,0.5,0.68599,0.575,0.27273,0.32706,0.32142,1.15951,1.31815,0.46204,1.0,4.0,4.0
test,B0_family,SPDEF,0.48442,0.69377,0.6,0.7094,0.52381,0.19817,0.32727,0.2592,1.49252,0.46997,0.48442,1.0,4.0,4.0
test,B0_family,THRB,0.42994,0.69576,0.42857,0.71406,0.43333,0.24105,0.31178,0.27546,1.07239,1.03054,0.3344,0.77778,3.0,-3.0
test,B0_family,TP53,0.53085,0.66415,0.75,0.81818,0.45,0.26114,0.31671,0.27128,1.03949,1.07931,0.11797,0.22222,6.0,-6.0
test,B0_family,TP63,0.22966,0.60969,0.33333,0.62626,0.38889,0.2947,0.35475,0.37545,1.37484,1.40015,0.15311,0.66667,6.0,-6.0
test,B0_family,TP73,0.38183,0.63825,0.5,0.78125,0.33333,0.28276,0.33306,0.33206,1.22727,1.2594,0.14318,0.375,4.0,-4.0
test,B1_nearest_pwm,CLOCK,0.57491,0.76342,0.63542,0.90394,0.63542,0.15001,0.29184,0.20574,0.91532,0.51511,0.52848,1.0,1.0,1.0
test,B1_nearest_pwm,ELF1,0.63637,0.81155,0.72727,0.8536,0.65972,0.14121,0.24074,0.15002,0.89942,0.44745,0.63637,1.0,3.0,3.0
test,B1_nearest_pwm,ELF2,0.7385,0.84844,0.7,0.93,0.61667,0.11518,0.22231,0.11643,0.64125,0.31278,0.7385,1.0,4.0,4.0
test,B1_nearest_pwm,ELF3,0.74564,0.87549,0.81818,0.86458,0.69156,0.12729,0.18919,0.1278,1.91489,0.57394,0.74564,1.0,3.0,3.0
test,B1_nearest_pwm,ELK1,0.69752,0.79775,0.77778,0.93416,0.67857,0.1244,0.28116,0.176,0.8852,0.29605,0.69752,1.0,5.0,5.0
test,B1_nearest_pwm,ELK4,0.45927,0.59542,0.6,0.63333,0.36667,0.24175,0.44765,0.42998,6.68085,0.38097,0.07057,0.75,6.0,6.0
test,B1_nearest_pwm,ERF,0.73134,0.83725,0.85714,0.81875,0.58333,0.13503,0.21738,0.1644,1.0684,0.54585,0.73134,1.0,7.0,7.0
test,B1_nearest_pwm,ERG,0.31962,0.61022,0.4,0.79762,0.26667,0.26612,0.36769,0.3367,2.29484,1.01636,0.1416,0.9,4.0,4.0
test,B1_nearest_pwm,ETS1,0.64004,0.80039,0.72222,0.89231,0.65476,0.1565,0.26039,0.17659,0.86559,0.5195,0.64004,1.0,5.0,5.0
test,B1_nearest_pwm,ETS2,0.74086,0.883,0.7,0.94872,0.65179,0.13156,0.18806,0.11611,0.45599,0.63238,0.74086,1.0,4.0,4.0
test,B1_nearest_pwm,ETV1,0.55437,0.74772,0.5,0.91667,0.375,0.21119,0.29792,0.2335,1.79617,0.96452,0.10666,0.33333,5.0,5.0
test,B1_nearest_pwm,ETV4,0.27549,0.56065,0.6,0.55952,0.25,0.27583,0.42636,0.443,3.0217,0.88409,0.11332,1.0,6.0,6.0
test,B1_nearest_pwm,ETV5,0.42128,0.61534,0.66667,0.6,0.41667,0.24686,0.39227,0.3718,2.71525,0.57025,0.09581,1.0,5.0,5.0
test,B1_nearest_pwm,ETV6,0.28875,0.50955,0.5,0.64881,0.45417,0.30552,0.45404,0.44857,2.95708,0.80959,0.1967,0.4,4.0,4.0
test,B1_nearest_pwm,FEV,0.51395,0.65928,0.66667,0.80247,0.625,0.22728,0.38917,0.38203,6.17155,0.77961,0.51395,1.0,5.0,5.0
test,B1_nearest_pwm,FLI1,0.5923,0.73801,0.67857,0.76423,0.66417,0.1786,0.31876,0.24942,1.79924,0.45283,0.46822,0.87,4.0,4.0
test,B1_nearest_pwm,FOXA1,0.58574,0.76614,0.66667,0.82031,0.5,0.16426,0.27202,0.17693,1.20127,0.40511,0.3653,0.85,1.0,-1.0
test,B1_nearest_pwm,FOXA2,0.45856,0.67576,0.44444,0.76042,0.37778,0.21118,0.35164,0.26252,1.68662,0.44737,0.4127,0.9,1.0,-1.0
test,B1_nearest_pwm,FOXA3,0.46657,0.68754,0.55556,0.82545,0.5,0.20641,0.34458,0.24889,1.58226,0.43645,0.41991,0.9,1.0,-1.0
test,B1_nearest_pwm,FOXC2,0.40254,0.62134,0.51667,0.7636,0.46202,0.23356,0.38535,0.33494,2.71339,0.5292,0.30507,0.68333,3.0,-3.0
test,B1_nearest_pwm,FOXD3,0.33461,0.59834,0.44444,0.64773,0.31667,0.25876,0.38434,0.33883,2.51158,0.62232,0.1673,0.5,9.0,-9.0
test,B1_nearest_pwm,FOXG1,0.5029,0.67941,0.57143,0.77485,0.51786,0.20871,0.34215,0.24093,1.41649,0.56443,0.5029,1.0,2.0,2.0
test,B1_nearest_pwm,FOXK1,0.55327,0.74504,0.62778,0.70776,0.51389,0.21524,0.28561,0.24631,2.90434,0.81949,0.33391,0.77778,0.0,0.0
test,B1_nearest_pwm,FOXK2,0.4484,0.63963,0.55556,0.73173,0.36131,0.26132,0.37517,0.34758,3.05606,0.80579,0.36391,1.0,0.0,0.0
test,B1_nearest_pwm,FOXL2,0.57596,0.70283,0.66667,0.85294,0.66667,0.1708,0.35515,0.26265,5.30637,0.36396,0.34558,0.9,1.0,-1.0
test,B1_nearest_pwm,FOXM1,0.96251,0.97044,1.0,1.0,0.5,0.06173,0.11909,0.04514,0.26462,0.35754,0.28875,0.3,1.0,-1.0
test,B1_nearest_pwm,FOXN3,0.48553,0.63734,0.57143,0.88095,0.51786,0.19903,0.39463,0.30796,1.5685,0.32654,0.42484,0.875,1.0,1.0
test,B1_nearest_pwm,FOXO1,0.81689,0.87476,0.82143,0.94724,0.52165,0.0972,0.16309,0.10644,0.83027,0.37408,0.33633,0.88312,2.0,2.0
test,B1_nearest_pwm,FOXO3,0.66156,0.78758,0.6875,0.85507,0.50739,0.18363,0.26383,0.22186,1.2012,0.71552,0.57905,0.875,1.0,1.0
test,B1_nearest_pwm,FOXO4,0.61286,0.72824,0.66667,0.90625,0.66667,0.17884,0.33472,0.2539,5.55156,0.616,0.34193,1.0,1.0,1.0
test,B1_nearest_pwm,FOXP2,0.67885,0.79254,0.71429,0.88209,0.39286,0.14387,0.24438,0.19787,1.30697,0.35594,0.42888,0.90476,2.0,2.0
test,B1_nearest_pwm,FOXP3,0.55089,0.68029,0.68939,0.76964,0.38947,0.21134,0.36594,0.31015,3.85667,0.59516,0.43244,0.89474,0.0,0.0
test,B1_nearest_pwm,GABPA,0.3989,0.6278,0.55556,0.76132,0.50952,0.23928,0.37512,0.33178,1.87817,0.77981,0.3989,1.0,5.0,5.0
test,B1_nearest_pwm,GCN4,0.76249,0.8275,0.83929,0.78125,0.80208,0.12665,0.222,0.19625,2.92477,0.31667,0.76249,1.0,5.0,5.0
test,B1_nearest_pwm,NFE2L2,0.52635,0.71411,0.65238,0.69273,0.66833,0.21414,0.31643,0.27172,3.30631,0.82596,0.25287,0.65714,2.0,-2.0
test,B1_nearest_pwm,P53,0.40767,0.61218,0.59188,0.68413,0.57675,0.25528,0.39106,0.37957,8.48668,0.73924,0.28311,0.74812,2.0,-2.0
test,B1_nearest_pwm,POU1F1,0.70333,0.8011,0.75926,0.87853,0.49365,0.16703,0.27182,0.19583,2.46224,0.64944,0.37005,0.64286,5.0,-5.0
test,B1_nearest_pwm,POU2F1,0.42887,0.60843,0.61508,0.64871,0.49617,0.25414,0.3818,0.37576,3.22054,0.62445,0.39155,0.88889,0.0,0.0
test,B1_nearest_pwm,POU2F2,0.2848,0.6287,0.40741,0.65256,0.36667,0.25381,0.34336,0.32088,1.30133,0.9262,0.19717,0.69231,4.0,-4.0
test,B1_nearest_pwm,POU2F3,0.3556,0.5383,0.47454,0.77187,0.43155,0.26692,0.45021,0.43253,3.33501,0.5097,0.34653,0.98148,0.0,0.0
test,B1_nearest_pwm,POU3F1,0.11461,0.46165,0.33333,0.55818,0.33333,0.31014,0.43308,0.44654,5.03613,0.53961,0.13903,0.7,1.0,-1.0
test,B1_nearest_pwm,POU3F2,0.12224,0.49067,0.22222,0.64545,0.20833,0.28815,0.42166,0.42339,4.585,0.55396,0.1252,0.58333,3.0,-3.0
test,B1_nearest_pwm,POU5F1,0.4796,0.67341,0.58333,0.76754,0.45154,0.23777,0.35199,0.30287,2.90676,0.91287,0.30291,0.92857,2.0,2.0
test,B1_nearest_pwm,POU5F1::SOX2,0.40809,0.62174,0.55983,0.70005,0.42153,0.25303,0.38493,0.36111,3.94133,0.73597,0.25025,0.69231,4.0,-4.0
test,B1_nearest_pwm,POU6F1,0.52859,0.70346,0.66667,0.80442,0.49782,0.19355,0.33876,0.27968,3.05069,0.52855,0.49877,1.0,2.0,2.0
test,B1_nearest_pwm,SKN-1,0.48931,0.71136,0.57143,0.8,0.3125,0.2221,0.31138,0.27685,1.69869,0.74888,0.42814,0.875,4.0,4.0
test,B1_nearest_pwm,SPDEF,0.58465,0.7505,0.6,0.78063,0.52381,0.19955,0.29635,0.2341,2.71014,0.77281,0.58465,1.0,4.0,4.0
test,B1_nearest_pwm,THRB,0.77793,0.85277,0.85,0.84928,0.86143,0.12049,0.24407,0.18101,4.51148,0.52634,0.31278,0.51111,3.0,-3.0
test,B1_nearest_pwm,TP53,0.31653,0.60586,0.46875,0.62785,0.42649,0.24886,0.36838,0.35271,3.55671,0.80787,0.20922,0.56944,6.0,-6.0
test,B1_nearest_pwm,TP63,0.26384,0.52873,0.45997,0.65128,0.45476,0.29317,0.42505,0.4632,3.83169,0.98943,0.23919,0.63492,6.0,-6.0
test,B1_nearest_pwm,TP73,0.49357,0.63806,0.62117,0.68172,0.52887,0.24954,0.39276,0.3929,11.12622,0.8445,0.2529,0.63393,4.0,-4.0
test,v24_seed42,CLOCK,0.83585,0.97359,0.85714,0.98438,0.86667,0.03484,0.06748,0.0287,0.09651,0.24766,0.65011,0.77778,0.25,-0.25
test,v24_seed42,ELF1,0.4506,0.66068,0.5,0.68155,0.55952,0.22592,0.35656,0.28743,1.72063,0.72379,0.40964,0.90909,5.0,5.0
test,v24_seed42,ELF2,0.60353,0.77134,0.59821,0.88489,0.50476,0.20076,0.28672,0.22281,0.93073,0.98968,0.45501,0.75,3.5,3.5
test,v24_seed42,ELF3,0.60038,0.77926,0.6,0.86,0.36508,0.14881,0.2655,0.17625,0.84505,0.51666,0.5458,0.90909,2.0,2.0
test,v24_seed42,ELK1,0.70767,0.7909,0.77778,0.9177,0.67857,0.14107,0.2996,0.19272,0.97057,0.40805,0.70767,1.0,4.0,4.0
test,v24_seed42,ELK4,0.63219,0.76565,0.75,0.83977,0.66429,0.16242,0.29505,0.21166,1.12387,0.51451,0.63219,1.0,4.75,4.75
test,v24_seed42,ERF,0.94507,0.96387,1.0,0.95625,0.75,0.07262,0.1109,0.05505,0.30032,0.3239,0.94507,1.0,6.0,6.0
test,v24_seed42,ERG,0.71512,0.82389,0.77778,0.88194,0.67857,0.1316,0.2426,0.14617,0.75738,0.28161,0.64361,0.9,4.0,4.0
test,v24_seed42,ETS1,0.69723,0.8105,0.77222,0.87288,0.66994,0.15219,0.26101,0.17587,0.88094,0.4679,0.69723,1.0,4.25,4.25
test,v24_seed42,ETS2,0.81573,0.90181,0.77778,0.95833,0.67857,0.10778,0.17102,0.09146,0.45751,0.38847,0.73416,0.9,3.0,3.0
test,v24_seed42,ETV1,0.69177,0.80245,0.77778,0.9177,0.67857,0.15442,0.27066,0.18718,0.95402,0.51553,0.69177,1.0,4.0,4.0
test,v24_seed42,ETV4,0.60654,0.79512,0.75,0.89855,0.58333,0.14773,0.24572,0.17086,0.83179,0.3517,0.60654,1.0,6.0,6.0
test,v24_seed42,ETV5,0.58433,0.75369,0.66667,0.77083,0.54762,0.18469,0.28629,0.20769,1.09847,0.62183,0.58433,1.0,4.0,4.0
test,v24_seed42,ETV6,0.7137,0.83802,0.66667,0.93212,0.60417,0.11878,0.22126,0.11198,0.57974,0.27941,0.64233,0.9,3.33333,3.33333
test,v24_seed42,FEV,0.70292,0.80867,0.77778,0.92593,0.67857,0.14509,0.27044,0.19018,0.84372,0.50595,0.70292,1.0,4.0,4.0
test,v24_seed42,FLI1,0.52381,0.71175,0.61889,0.78581,0.5253,0.19272,0.30921,0.24614,1.39437,0.51961,0.44758,0.85,2.8,2.8
test,v24_seed42,FOXA1,0.70329,0.82373,0.75694,0.805,0.57857,0.13402,0.24184,0.15531,1.21541,0.36423,0.57884,0.825,0.25,0.25
test,v24_seed42,FOXA2,0.75362,0.85528,0.875,0.83788,0.72222,0.10803,0.22745,0.15363,1.32222,0.34649,0.6029,0.8,0.0,0.0
test,v24_seed42,FOXA3,0.63922,0.75234,0.625,0.80087,0.47619,0.22686,0.31357,0.26735,1.58127,0.97857,0.51137,0.8,0.0,0.0
test,v24_seed42,FOXC2,0.508,0.74517,0.51667,0.81899,0.36134,0.17275,0.27998,0.20743,1.10575,0.47944,0.45274,0.9,1.4,-1.0
test,v24_seed42,FOXD3,0.5563,0.695,0.66667,0.74141,0.49848,0.22124,0.35205,0.31845,1.87081,0.62537,0.37087,0.66667,6.0,-6.0
test,v24_seed42,FOXG1,0.54189,0.72953,0.71429,0.68421,0.60417,0.18121,0.29898,0.24806,1.7795,0.61837,0.54189,1.0,3.0,3.0
test,v24_seed42,FOXK1,0.53285,0.73113,0.62963,0.82182,0.40025,0.18809,0.30054,0.24156,1.46353,0.61109,0.53285,1.0,5.66667,5.66667
test,v24_seed42,FOXK2,0.32531,0.7162,0.55556,0.78727,0.45833,0.17723,0.27771,0.20801,1.0454,0.44531,0.32531,1.0,1.5,1.5
test,v24_seed42,FOXL2,0.83541,0.90052,0.80556,0.95178,0.60648,0.09698,0.18186,0.09963,0.50825,0.38128,0.69221,0.83333,0.33333,0.33333
test,v24_seed42,FOXM1,0.72639,0.85514,0.73333,0.81192,0.52421,0.1266,0.20902,0.12763,0.96362,0.40632,0.62637,0.86667,1.0,1.0
test,v24_seed42,FOXN3,0.65284,0.76426,0.77778,0.88272,0.54074,0.17356,0.30539,0.23247,1.16546,0.72472,0.59309,0.91667,2.33333,2.33333
test,v24_seed42,FOXO1,0.81346,0.87935,0.85714,0.89425,0.67172,0.10883,0.20723,0.1232,0.93497,0.44438,0.78919,0.97403,4.09091,4.09091
test,v24_seed42,FOXO3,0.66316,0.84377,0.75,0.88647,0.5375,0.11876,0.2146,0.12583,0.70705,0.32587,0.66316,1.0,3.0,3.0
test,v24_seed42,FOXO4,0.73798,0.90043,0.75,0.87273,0.61667,0.10101,0.17628,0.09448,0.68638,0.46353,0.73798,1.0,2.0,2.0
test,v24_seed42,FOXP2,0.67537,0.80701,0.71429,0.83447,0.6037,0.13497,0.24004,0.16083,1.28551,0.39435,0.67537,1.0,4.66667,4.66667
test,v24_seed42,FOXP3,0.54689,0.77294,0.65748,0.76234,0.3423,0.17921,0.25967,0.1833,0.96877,0.61182,0.48762,0.91228,2.78947,2.78947
test,v24_seed42,GABPA,0.69732,0.79565,0.77778,0.89712,0.67857,0.13935,0.28148,0.18164,0.9275,0.29564,0.69732,1.0,5.0,5.0
test,v24_seed42,GCN4,0.65619,0.77608,0.71429,0.85547,0.66354,0.17054,0.28323,0.21819,1.00942,0.61922,0.65619,1.0,5.625,5.625
test,v24_seed42,NFE2L2,0.63446,0.81422,0.64747,0.88509,0.64155,0.14177,0.24707,0.15311,0.65477,0.42431,0.57134,0.9,0.4,0.4
test,v24_seed42,P53,0.48911,0.72283,0.54241,0.76644,0.52497,0.19513,0.28787,0.22008,0.95631,0.4723,0.34734,0.71711,3.21053,-3.21053
test,v24_seed42,POU1F1,0.71582,0.81872,0.77778,0.81708,0.42722,0.16506,0.25943,0.18717,1.12439,0.71787,0.34075,0.47619,5.33333,-5.33333
test,v24_seed42,POU2F1,0.56517,0.73605,0.56151,0.85751,0.33044,0.18018,0.28859,0.21574,1.12953,0.49969,0.39501,0.7619,1.0,-0.71429
test,v24_seed42,POU2F2,0.7558,0.87624,0.77778,0.92437,0.43651,0.11071,0.18846,0.09769,0.47681,0.48094,0.34883,0.46154,4.33333,-4.33333
test,v24_seed42,POU2F3,0.51445,0.66802,0.59524,0.78685,0.5125,0.2194,0.36356,0.29833,1.82174,0.65135,0.40013,0.77778,1.0,-1.0
test,v24_seed42,POU3F1,0.74898,0.85949,0.5,0.91406,0.29167,0.1347,0.20857,0.1246,0.57857,0.27167,0.44939,0.6,3.0,-3.0
test,v24_seed42,POU3F2,0.79863,0.87126,0.71429,0.94737,0.61667,0.13771,0.21342,0.11921,0.50914,0.46105,0.46587,0.58333,5.0,-5.0
test,v24_seed42,POU5F1,0.56558,0.73893,0.66488,0.83163,0.50207,0.18363,0.29279,0.21938,1.23162,0.5915,0.40566,0.7619,2.58333,2.58333
test,v24_seed42,POU5F1::SOX2,0.51866,0.69872,0.63194,0.68247,0.55997,0.2193,0.3226,0.26081,1.41923,0.73481,0.34444,0.67308,3.75,-3.75
test,v24_seed42,POU6F1,0.77565,0.86889,0.83333,0.96222,0.475,0.1131,0.20773,0.12955,0.527,0.54844,0.53077,0.69048,0.33333,0.33333
test,v24_seed42,SKN-1,0.41895,0.63598,0.625,0.71981,0.53333,0.23139,0.35329,0.30909,1.4626,0.64651,0.41895,1.0,5.0,5.0
test,v24_seed42,SPDEF,0.51515,0.68536,0.6,0.69231,0.52381,0.20394,0.34824,0.26881,1.86396,0.49859,0.51515,1.0,2.0,2.0
test,v24_seed42,THRB,0.5547,0.71623,0.62222,0.80845,0.62389,0.20805,0.31075,0.25283,1.29057,0.67374,0.25903,0.47778,8.6,-8.6
test,v24_seed42,TP53,0.38737,0.64683,0.47727,0.67091,0.45357,0.22721,0.34136,0.29508,1.41843,0.54532,0.21576,0.55556,6.75,-6.75
test,v24_seed42,TP63,0.35972,0.64828,0.50714,0.65771,0.46029,0.24262,0.34403,0.32928,1.69098,0.74443,0.19176,0.52381,8.57143,-8.57143
test,v24_seed42,TP73,0.39242,0.71781,0.54365,0.77547,0.55935,0.20229,0.28475,0.21625,0.91859,0.57779,0.22185,0.56696,6.92857,-6.92857
test,v24_ens5,CLOCK,0.76926,0.94175,0.85714,0.95625,0.86667,0.09376,0.13466,0.09374,0.30626,0.64336,0.59831,0.77778,0.25,-0.25
test,v24_ens5,ELF1,0.56707,0.74608,0.7,0.6994,0.65179,0.22815,0.29229,0.24445,0.99679,1.05738,0.51552,0.90909,5.0,5.0
test,v24_ens5,ELF2,0.60465,0.77845,0.66964,0.84088,0.53958,0.21944,0.28332,0.23756,0.86814,1.01045,0.45485,0.75,3.5,3.5
test,v24_ens5,ELF3,0.71622,0.82738,0.8,0.84667,0.68651,0.18049,0.24573,0.19545,0.77133,0.9607,0.65111,0.90909,2.0,2.0
test,v24_ens5,ELK1,0.74649,0.81993,0.77778,0.95885,0.67857,0.1915,0.27221,0.21093,0.75645,1.08215,0.74649,1.0,4.0,4.0
test,v24_ens5,ELK4,0.66759,0.79669,0.75,0.84205,0.66429,0.19531,0.27054,0.2171,0.79216,0.93809,0.66759,1.0,4.75,4.75
test,v24_ens5,ERF,0.92982,0.92827,1.0,0.93125,0.75,0.14841,0.18166,0.1243,0.42357,0.87419,0.92982,1.0,6.0,6.0
test,v24_ens5,ERG,0.74818,0.83733,0.77778,0.87587,0.67857,0.18297,0.2408,0.18122,0.66495,0.90545,0.67336,0.9,4.0,4.0
test,v24_ens5,ETS1,0.71005,0.81896,0.76111,0.88827,0.66339,0.17855,0.25436,0.18796,0.694,0.84894,0.71005,1.0,4.25,4.25
test,v24_ens5,ETS2,0.84507,0.90801,0.77778,0.97917,0.67857,0.1459,0.18271,0.11409,0.40808,0.72705,0.76056,0.9,3.0,3.0
test,v24_ens5,ETV1,0.71108,0.8192,0.77778,0.91358,0.67857,0.17523,0.2555,0.19102,0.72688,0.85918,0.71108,1.0,4.0,4.0
test,v24_ens5,ETV4,0.78497,0.87436,0.875,0.9372,0.71429,0.15595,0.20761,0.15286,0.54767,0.84544,0.78497,1.0,6.0,6.0
test,v24_ens5,ETV5,0.68982,0.81581,0.77778,0.80556,0.67857,0.18098,0.24893,0.18418,0.7068,0.82148,0.68982,1.0,4.0,4.0
test,v24_ens5,ETV6,0.74503,0.84762,0.66667,0.89576,0.60417,0.176,0.22491,0.14616,0.57139,0.7976,0.67053,0.9,3.33333,3.33333
test,v24_ens5,FEV,0.71122,0.7975,0.77778,0.90535,0.67857,0.20046,0.28314,0.23459,0.85537,1.05762,0.71122,1.0,4.0,4.0
test,v24_ens5,FLI1,0.59646,0.75923,0.66889,0.77524,0.58107,0.21647,0.27932,0.23725,0.90465,0.92033,0.52451,0.87,2.8,2.8
test,v24_ens5,FOXA1,0.7373,0.84164,0.85069,0.87143,0.66565,0.14256,0.2278,0.13302,0.66736,0.4533,0.60714,0.825,0.25,0.25
test,v24_ens5,FOXA2,0.72785,0.81897,0.75,0.79091,0.61667,0.15803,0.26501,0.18237,0.99962,0.45843,0.58228,0.8,0.0,0.0
test,v24_ens5,FOXA3,0.69584,0.79936,0.75,0.84541,0.61667,0.17117,0.27858,0.19784,1.0961,0.53968,0.55667,0.8,0.0,0.0
test,v24_ens5,FOXC2,0.70802,0.85021,0.72,0.88472,0.53434,0.15749,0.21782,0.16218,0.64655,0.68515,0.63732,0.9,1.4,-1.0
test,v24_ens5,FOXD3,0.59368,0.75396,0.58333,0.8202,0.32143,0.20509,0.28894,0.24115,1.09994,0.79315,0.39578,0.66667,6.0,-6.0
test,v24_ens5,FOXG1,0.72948,0.8252,0.85714,0.70175,0.72222,0.17518,0.2514,0.17816,0.94305,0.87466,0.72948,1.0,3.0,3.0
test,v24_ens5,FOXK1,0.56406,0.75033,0.66667,0.80485,0.47193,0.21361,0.28499,0.23599,0.94929,0.93645,0.56406,1.0,5.66667,5.66667
test,v24_ens5,FOXK2,0.61797,0.83393,0.74603,0.73729,0.43561,0.16513,0.23692,0.16274,0.74075,0.7566,0.55122,0.88889,1.5,1.5
test,v24_ens5,FOXL2,0.75065,0.85513,0.75926,0.89513,0.61944,0.14837,0.22143,0.13508,0.60662,0.65506,0.62585,0.83333,0.33333,0.33333
test,v24_ens5,FOXM1,0.6797,0.81888,0.81667,0.75618,0.55348,0.15836,0.23883,0.15944,0.85642,0.48175,0.58383,0.86667,1.0,1.0
test,v24_ens5,FOXN3,0.8063,0.84139,0.91667,0.92535,0.65152,0.18228,0.26883,0.20462,0.83486,1.02577,0.73038,0.91667,2.33333,2.33333
test,v24_ens5,FOXO1,0.78878,0.86949,0.84416,0.84848,0.69747,0.13723,0.21465,0.13848,0.71638,0.56512,0.78878,1.0,4.09091,4.09091
test,v24_ens5,FOXO3,0.714,0.84791,0.8125,0.86473,0.67197,0.14776,0.23234,0.15258,0.68167,0.55604,0.714,1.0,3.0,3.0
test,v24_ens5,FOXO4,0.88659,0.92976,0.875,0.9,0.72727,0.11503,0.16655,0.09886,0.44773,0.71771,0.88659,1.0,2.0,2.0
test,v24_ens5,FOXP2,0.60257,0.78331,0.66667,0.81859,0.45278,0.17707,0.26678,0.19088,0.89675,0.72951,0.60257,1.0,4.66667,4.66667
test,v24_ens5,FOXP3,0.6214,0.83221,0.70409,0.80765,0.45523,0.17358,0.22521,0.14618,0.58125,0.70177,0.58262,0.94152,2.78947,2.78947
test,v24_ens5,GABPA,0.72781,0.8175,0.77778,0.93416,0.67857,0.19078,0.26676,0.21412,0.787,1.04336,0.72781,1.0,5.0,5.0
test,v24_ens5,GCN4,0.70491,0.78516,0.77232,0.84957,0.69896,0.2048,0.27388,0.23279,0.8616,1.00378,0.6757,0.94643,5.625,5.625
test,v24_ens5,NFE2L2,0.71972,0.85453,0.75011,0.89922,0.74688,0.1699,0.22606,0.15748,0.56212,0.85886,0.64638,0.9,0.4,0.4
test,v24_ens5,P53,0.40967,0.69598,0.52471,0.7088,0.48993,0.22912,0.29447,0.23925,0.91263,0.80572,0.29019,0.71711,3.21053,-3.21053
test,v24_ens5,POU1F1,0.71292,0.83994,0.75397,0.88281,0.4131,0.18072,0.23117,0.17063,0.63797,0.8993,0.3389,0.47619,5.33333,-5.33333
test,v24_ens5,POU2F1,0.65114,0.79536,0.69643,0.85881,0.38654,0.17149,0.24626,0.18369,0.79839,0.686,0.37619,0.66667,1.0,-0.71429
test,v24_ens5,POU2F2,0.79045,0.90949,0.77778,0.90756,0.43651,0.12778,0.17117,0.10813,0.38791,0.65614,0.36482,0.46154,4.33333,-4.33333
test,v24_ens5,POU2F3,0.57447,0.69756,0.61905,0.84014,0.51667,0.22771,0.34403,0.28297,1.28516,0.92572,0.44681,0.77778,1.0,-1.0
test,v24_ens5,POU3F1,0.77444,0.86851,0.66667,0.92969,0.575,0.13121,0.19839,0.11277,0.479,0.42965,0.46466,0.6,3.0,-3.0
test,v24_ens5,POU3F2,0.67303,0.84269,0.57143,0.84211,0.55,0.1545,0.21015,0.13832,0.53848,0.54511,0.3926,0.58333,5.0,-5.0
test,v24_ens5,POU5F1,0.47133,0.67563,0.6125,0.77082,0.45064,0.24092,0.33265,0.27045,1.16194,0.93354,0.40745,0.86905,2.58333,2.58333
test,v24_ens5,POU5F1::SOX2,0.50537,0.7372,0.56647,0.73892,0.35929,0.19986,0.2839,0.20447,0.85916,0.66951,0.30958,0.61538,3.75,-3.75
test,v24_ens5,POU6F1,0.76416,0.85367,0.81111,0.9408,0.44583,0.16314,0.22964,0.16447,0.60518,0.91957,0.53631,0.71429,0.33333,0.33333
test,v24_ens5,SKN-1,0.37402,0.6523,0.625,0.67633,0.64167,0.23935,0.3298,0.31812,1.45053,0.88466,0.37402,1.0,5.0,5.0
test,v24_ens5,SPDEF,0.49904,0.70935,0.6,0.68091,0.52381,0.2111,0.31329,0.25493,1.14225,0.76826,0.49904,1.0,2.0,2.0
test,v24_ens5,THRB,0.64557,0.78504,0.74667,0.8983,0.63,0.21497,0.26542,0.20114,0.72486,0.90532,0.19248,0.3,8.6,-8.6
test,v24_ens5,TP53,0.36788,0.66701,0.52121,0.66144,0.51736,0.25085,0.31928,0.2839,1.09839,0.978,0.189,0.52778,6.75,-6.75
test,v24_ens5,TP63,0.40463,0.68604,0.55714,0.70001,0.48294,0.24508,0.31801,0.30428,1.1502,1.05196,0.2153,0.52381,8.57143,-8.57143
test,v24_ens5,TP73,0.34046,0.71044,0.55317,0.66721,0.57466,0.22253,0.28468,0.22471,0.8737,0.80536,0.18209,0.54911,6.92857,-6.92857
excluded,random_uniform,EHF,0.0,0.61114,0.32973,0.5,0.12176,0.28723,0.34748,0.33921,1.2751,1.2751,0.0,1.0,4.14286,4.14286
excluded,random_uniform,ELF4,0.0,0.61663,0.35152,0.5,0.12847,0.28833,0.34915,0.34615,1.29226,1.29226,0.0,1.0,3.0,3.0
excluded,random_uniform,ELF5,0.0,0.64649,0.3314,0.5,0.1207,0.26657,0.32932,0.31283,1.16487,1.16487,0.0,1.0,3.72727,3.72727
excluded,random_uniform,ELK3,0.0,0.584,0.33333,0.5,0.125,0.30678,0.36437,0.37164,1.39635,1.39635,0.0,1.0,4.4,4.4
excluded,random_uniform,ETV2,0.0,0.61138,0.4326,0.5,0.15057,0.29013,0.34529,0.3527,1.30187,1.30187,0.0,1.0,4.14286,4.14286
excluded,random_uniform,ETV3,0.0,0.62251,0.29592,0.5,0.11345,0.27984,0.33636,0.33313,1.23383,1.23383,0.0,0.91479,3.85714,0.42857
excluded,random_uniform,ETV7,0.0,0.61898,0.26057,0.5,0.10156,0.28614,0.34393,0.33533,1.25848,1.25848,0.0,0.98438,3.0,2.5
excluded,random_uniform,EWSR1-FLI1,0.0,0.50832,0.42857,0.5,0.15,0.36684,0.42373,0.50913,1.88402,1.88402,0.0,0.77778,4.0,-4.0
excluded,random_uniform,FOXB1,0.0,0.62598,0.33681,0.5,0.12067,0.27862,0.3318,0.3136,1.18029,1.18029,0.0,0.67776,5.25,-5.0
excluded,random_uniform,FOXC1,0.0,0.63763,0.23241,0.5,0.08671,0.27031,0.32322,0.30983,1.15024,1.15024,0.0,0.87261,2.4,-0.8
excluded,random_uniform,FOXD1,0.0,0.53121,0.57143,0.5,0.18182,0.34643,0.40156,0.44706,1.67543,1.67543,0.0,1.0,2.0,2.0
excluded,random_uniform,FOXD2,0.0,0.62527,0.29206,0.5,0.10163,0.27772,0.32991,0.3257,1.20311,1.20311,0.0,0.77444,3.1,-2.7
excluded,random_uniform,FOXE1,0.0,0.60611,0.16667,0.5,0.05833,0.29294,0.351,0.36167,1.3362,1.3362,0.0,0.74634,3.66667,-3.0
excluded,random_uniform,FOXF1,0.0,0.54372,0.14286,0.5,0.0625,0.34279,0.39772,0.44507,1.66136,1.66136,0.0,1.0,2.0,2.0
excluded,random_uniform,FOXF2,0.0,0.58259,0.55556,0.5,0.17857,0.3129,0.37426,0.42197,1.53184,1.53184,0.0,1.0,0.0,0.0
excluded,random_uniform,FOXI1,0.0,0.58844,0.20794,0.5,0.08205,0.3054,0.36306,0.38024,1.41401,1.41401,0.0,0.80504,3.2,-2.0
excluded,random_uniform,FOXJ1,0.0,0.55323,0.0,0.5,0.0,0.33105,0.38794,0.41664,1.56357,1.56357,0.0,1.0,2.0,2.0
excluded,random_uniform,FOXJ2,0.0,0.59659,0.23485,0.5,0.08737,0.3006,0.35533,0.37466,1.38213,1.38213,0.0,0.79772,2.72727,-2.36364
excluded,random_uniform,FOXJ3,0.0,0.58845,0.1142,0.5,0.05123,0.30415,0.35987,0.37407,1.39119,1.39119,0.0,0.83724,2.22222,-1.77778
excluded,random_uniform,FOXL1,0.0,0.58377,0.1873,0.5,0.06886,0.30986,0.36309,0.38183,1.41755,1.41755,0.0,0.84221,2.8,-1.2
excluded,random_uniform,FOXN2,0.0,0.64575,0.11111,0.5,0.04545,0.26608,0.32384,0.29987,1.13753,1.13753,0.0,0.8,5.0,-1.0
excluded,random_uniform,FOXO6,0.0,0.55199,0.25675,0.5,0.09074,0.33053,0.38766,0.42223,1.57831,1.57831,0.0,0.85714,3.0,-1.0
excluded,random_uniform,FOXP1,0.0,0.59774,0.1832,0.5,0.07382,0.29702,0.35143,0.35002,1.31787,1.31787,0.0,0.8869,4.33333,-2.0
excluded,random_uniform,FOXP4,0.0,0.56194,0.14286,0.5,0.0625,0.31906,0.36993,0.34364,1.35578,1.35578,0.0,1.0,2.0,2.0
excluded,random_uniform,FOXS1,0.0,0.57168,0.25,0.5,0.1,0.31367,0.36717,0.34365,1.34579,1.34579,0.0,1.0,1.0,1.0
excluded,random_uniform,KLF14,0.0,0.64068,0.0119,0.5,0.00549,0.27031,0.3247,0.30765,1.14714,1.14714,0.0,0.92779,2.42857,-0.42857
excluded,random_uniform,KLF2,0.0,0.60654,0.03125,0.5,0.01389,0.29397,0.34851,0.33594,1.27222,1.27222,0.0,1.0,3.75,3.75
excluded,random_uniform,NFE2,0.0,0.57691,0.30592,0.5,0.1165,0.31447,0.37247,0.40031,1.48413,1.48413,0.0,0.97403,1.90909,1.18182
excluded,random_uniform,NFE2L1,0.0,0.56889,0.41667,0.5,0.14706,0.3194,0.38084,0.40217,1.51127,1.51127,0.0,0.85714,2.0,-2.0
excluded,random_uniform,NPAS2,0.0,0.67953,0.30111,0.5,0.11483,0.24788,0.30255,0.28897,1.06147,1.06147,0.0,0.82222,4.0,-2.4
excluded,random_uniform,POU2F1::SOX2,0.0,0.60537,0.33333,0.5,0.125,0.29361,0.34799,0.34016,1.28243,1.28243,0.0,0.52941,8.0,-8.0
excluded,random_uniform,POU3F3,0.0,0.64888,0.37302,0.5,0.13432,0.26518,0.31315,0.28115,1.06472,1.06472,0.0,0.82637,2.57143,-1.71429
excluded,random_uniform,POU3F4,0.0,0.58525,0.36752,0.5,0.13307,0.30871,0.36284,0.37808,1.41281,1.41281,0.0,0.80686,2.30769,-2.30769
excluded,random_uniform,POU4F1,0.0,0.63798,0.42063,0.5,0.14744,0.27081,0.32399,0.28906,1.10426,1.10426,0.0,0.76099,3.14286,-2.85714
excluded,random_uniform,POU4F2,0.0,0.59925,0.36111,0.5,0.13221,0.29479,0.34826,0.33543,1.27436,1.27436,0.0,0.64821,5.0,-5.0
excluded,random_uniform,POU4F3,0.0,0.64477,0.43981,0.5,0.15015,0.2681,0.32568,0.30082,1.13269,1.13269,0.0,0.75055,3.41667,-2.91667
excluded,random_uniform,POU5F1B,0.0,0.57094,0.38889,0.5,0.13942,0.31501,0.36871,0.38189,1.43754,1.43754,0.0,0.90909,1.0,-1.0
excluded,random_uniform,POU5F1P1,0.0,0.61259,0.34603,0.5,0.1234,0.29273,0.3475,0.35097,1.30822,1.30822,0.0,0.73783,3.9,-3.5
excluded,random_uniform,POU6F2,0.0,0.59802,0.39853,0.5,0.14189,0.30055,0.35637,0.36532,1.36523,1.36523,0.0,0.92857,2.28571,0.28571
excluded,random_uniform,SP3,0.0,0.63917,0.03788,0.5,0.01648,0.26945,0.32632,0.3026,1.13795,1.13795,0.0,0.93197,2.42857,0.14286
excluded,random_uniform,SP5,0.0,0.65746,0.05556,0.5,0.02564,0.26069,0.31019,0.30049,1.12298,1.12298,0.0,0.81494,6.0,-2.0
excluded,random_uniform,SP7,0.0,0.65766,0.33333,0.5,0.125,0.25523,0.30288,0.25376,0.97218,0.97218,0.0,0.92308,1.0,-1.0
excluded,random_uniform,THRA,0.0,0.64125,0.21062,0.5,0.0858,0.26762,0.3247,0.29627,1.1251,1.1251,0.0,0.91772,3.0,0.14286
excluded,random_uniform,ZBTB40,0.0,0.57506,0.5,0.5,0.1665,0.31393,0.37106,0.37049,1.41311,1.41311,0.0,0.875,2.5,-2.5
excluded,random_train_pwm,EHF,0.40589,0.63638,0.54524,0.74453,0.42693,0.24656,0.36444,0.33554,2.55586,0.77222,0.28593,0.76999,4.14286,4.14286
excluded,random_train_pwm,ELF4,0.34897,0.54168,0.44789,0.66533,0.3871,0.27891,0.44012,0.44025,5.73626,0.6847,0.20933,0.6839,3.0,3.0
excluded,random_train_pwm,ELF5,0.45307,0.64636,0.59966,0.72234,0.4329,0.23388,0.36431,0.33875,3.57129,0.66867,0.31512,0.82075,3.72727,3.72727
excluded,random_train_pwm,ELK3,0.45295,0.64596,0.5371,0.74335,0.43048,0.22953,0.37244,0.3427,3.21118,0.67527,0.3643,0.85833,4.4,4.4
excluded,random_train_pwm,ETV2,0.40777,0.61844,0.56814,0.70391,0.46349,0.25253,0.38857,0.3878,5.14285,0.72965,0.21276,0.82857,4.14286,4.14286
excluded,random_train_pwm,ETV3,0.36426,0.59704,0.48639,0.70269,0.37347,0.26696,0.38952,0.37934,2.60578,0.80128,0.21,0.81328,3.85714,0.42857
excluded,random_train_pwm,ETV7,0.40757,0.62096,0.48065,0.69336,0.3392,0.25554,0.38294,0.35699,3.13705,0.83813,0.20933,0.7442,3.0,2.5
excluded,random_train_pwm,EWSR1-FLI1,0.36722,0.53921,0.5,0.65885,0.31429,0.26413,0.46588,0.45766,4.36152,0.47647,0.16321,0.77778,4.0,-4.0
excluded,random_train_pwm,FOXB1,0.32035,0.58815,0.47012,0.62615,0.3976,0.25909,0.387,0.35951,2.87146,0.61096,0.22854,0.61019,5.25,-5.0
excluded,random_train_pwm,FOXC1,0.4414,0.65669,0.48849,0.69397,0.32784,0.23523,0.35553,0.32407,3.51857,0.68596,0.29301,0.62488,2.4,-0.8
excluded,random_train_pwm,FOXD1,0.36819,0.58674,0.57143,0.73129,0.64286,0.21902,0.4001,0.39076,2.3465,0.50679,0.26555,0.57143,2.0,2.0
excluded,random_train_pwm,FOXD2,0.42546,0.63899,0.53506,0.71723,0.42917,0.24235,0.36807,0.34123,3.76493,0.67325,0.28051,0.62227,3.1,-2.7
excluded,random_train_pwm,FOXE1,0.48235,0.6631,0.53006,0.73031,0.31387,0.22413,0.34694,0.31923,3.45961,0.59224,0.28642,0.46505,3.66667,-3.0
excluded,random_train_pwm,FOXF1,0.34703,0.54907,0.5,0.83333,0.16667,0.23618,0.43208,0.38618,1.84023,0.44602,0.09915,0.42857,2.0,2.0
excluded,random_train_pwm,FOXF2,0.46046,0.66144,0.66667,0.57455,0.47222,0.22181,0.3616,0.36594,3.84059,0.86416,0.2976,0.77778,0.0,0.0
excluded,random_train_pwm,FOXI1,0.56048,0.72082,0.61982,0.76148,0.43979,0.19284,0.32975,0.28083,4.38936,0.51911,0.28823,0.61858,3.2,-2.0
excluded,random_train_pwm,FOXJ1,0.42971,0.58583,0.57143,0.7551,0.18182,0.24028,0.43468,0.39504,2.31412,0.49922,0.42758,1.0,2.0,2.0
excluded,random_train_pwm,FOXJ2,0.46237,0.66986,0.5294,0.75121,0.37141,0.23275,0.35287,0.31273,2.9528,0.77744,0.30838,0.62797,2.72727,-2.36364
excluded,random_train_pwm,FOXJ3,0.53297,0.70462,0.67394,0.76662,0.47954,0.20341,0.3331,0.2938,3.99049,0.62774,0.35155,0.71012,2.22222,-1.77778
excluded,random_train_pwm,FOXL1,0.40995,0.64381,0.53636,0.72019,0.41462,0.22539,0.36537,0.33701,4.24395,0.4833,0.32332,0.65411,2.8,-1.2
excluded,random_train_pwm,FOXN2,0.44719,0.67516,0.58333,0.75517,0.4625,0.23182,0.33885,0.30805,3.49561,0.73044,0.25888,0.7,5.0,-1.0
excluded,random_train_pwm,FOXO6,0.38633,0.60215,0.56286,0.72885,0.49565,0.24219,0.402,0.37521,3.01517,0.54843,0.31572,0.61786,3.0,-1.0
excluded,random_train_pwm,FOXP1,0.46477,0.67432,0.57626,0.69415,0.47655,0.22472,0.34911,0.30628,2.14268,0.67914,0.33984,0.69577,4.33333,-2.0
excluded,random_train_pwm,FOXP4,0.49971,0.68133,0.66667,0.78241,0.53333,0.21851,0.3395,0.27283,1.34944,0.67266,0.25624,0.57143,2.0,2.0
excluded,random_train_pwm,FOXS1,0.07454,0.51878,0.14286,0.65646,0.0625,0.28197,0.38577,0.33979,1.41349,0.85851,0.08699,0.25,1.0,1.0
excluded,random_train_pwm,KLF14,0.34902,0.58833,0.49569,0.63906,0.31672,0.25938,0.39715,0.38177,3.96955,0.78852,0.21763,0.61623,2.42857,-0.42857
excluded,random_train_pwm,KLF2,0.61335,0.72682,0.675,0.85302,0.31399,0.20151,0.30095,0.22251,2.12595,0.54761,0.16819,0.63194,3.75,3.75
excluded,random_train_pwm,NFE2,0.55247,0.69347,0.68168,0.78451,0.61347,0.21437,0.34464,0.30701,2.90455,0.67202,0.41045,0.8231,1.90909,1.18182
excluded,random_train_pwm,NFE2L1,0.49153,0.6742,0.61538,0.75135,0.50972,0.21891,0.34542,0.29509,1.46136,0.79106,0.4193,0.78571,2.0,-2.0
excluded,random_train_pwm,NPAS2,0.36784,0.55883,0.50238,0.6411,0.35001,0.29304,0.43082,0.44303,5.71806,0.85765,0.22956,0.63611,4.0,-2.4
excluded,random_train_pwm,POU2F1::SOX2,0.44802,0.64411,0.625,0.6715,0.50952,0.24071,0.37073,0.33146,2.27845,0.8984,0.21083,0.52941,8.0,-8.0
excluded,random_train_pwm,POU3F3,0.53681,0.6945,0.64694,0.73368,0.49705,0.2123,0.33839,0.29216,2.6728,0.6837,0.28592,0.65824,2.57143,-1.71429
excluded,random_train_pwm,POU3F4,0.43574,0.62665,0.58742,0.69457,0.47875,0.24922,0.37875,0.3554,3.75185,0.74679,0.26489,0.65729,2.30769,-2.30769
excluded,random_train_pwm,POU4F1,0.4792,0.70668,0.56716,0.73689,0.40009,0.20605,0.31443,0.25876,2.88235,0.5887,0.25607,0.76099,3.14286,-2.85714
excluded,random_train_pwm,POU4F2,0.48308,0.67763,0.625,0.76974,0.52788,0.22482,0.3536,0.31935,2.23641,0.79634,0.1997,0.36726,5.0,-5.0
excluded,random_train_pwm,POU4F3,0.43736,0.65307,0.56393,0.68876,0.43885,0.2422,0.35244,0.32117,3.67183,0.80094,0.25208,0.55573,3.41667,-2.91667
excluded,random_train_pwm,POU5F1B,0.31724,0.55809,0.47475,0.6594,0.40923,0.27014,0.41375,0.38712,2.27198,0.57197,0.17034,0.49495,1.0,-1.0
excluded,random_train_pwm,POU5F1P1,0.37922,0.59962,0.54316,0.6723,0.45785,0.26494,0.396,0.37991,3.87177,0.74033,0.24599,0.62791,3.9,-3.5
excluded,random_train_pwm,POU6F2,0.42934,0.62299,0.5881,0.67664,0.43095,0.2495,0.38558,0.36541,3.04875,0.71648,0.33774,0.75737,2.28571,0.28571
excluded,random_train_pwm,SP3,0.48042,0.69461,0.5816,0.7577,0.39073,0.21335,0.31597,0.27748,2.40501,0.67661,0.33834,0.70892,2.42857,0.14286
excluded,random_train_pwm,SP5,0.33473,0.57301,0.45397,0.65414,0.26111,0.29754,0.39495,0.4319,4.40853,1.23311,0.15297,0.5799,6.0,-2.0
excluded,random_train_pwm,SP7,0.74372,0.90881,0.71429,0.88596,0.45,0.11085,0.16699,0.09163,2.09609,0.46549,0.40046,0.84615,1.0,-1.0
excluded,random_train_pwm,THRA,0.46008,0.68835,0.62075,0.75281,0.525,0.21807,0.32771,0.28646,4.64656,0.73763,0.22777,0.81752,3.0,0.14286
excluded,random_train_pwm,ZBTB40,0.33612,0.54845,0.52727,0.65595,0.43333,0.26413,0.43523,0.41869,5.37522,0.61781,0.20812,0.66667,2.5,-2.5
excluded,B0_global,EHF,0.62114,0.61629,0.80272,0.85208,0.59286,0.30815,0.36486,0.37852,1.38509,1.5182,0.33322,0.59885,4.14286,4.14286
excluded,B0_global,ELF4,0.6483,0.61183,0.77976,0.88089,0.575,0.31597,0.37427,0.40288,1.4659,1.60062,0.36304,0.58902,3.0,3.0
excluded,B0_global,ELF5,0.63462,0.61092,0.83247,0.87917,0.60152,0.31237,0.36992,0.39369,1.43281,1.56559,0.24988,0.49495,3.72727,3.72727
excluded,B0_global,ELK3,0.56343,0.61102,0.77576,0.84368,0.58667,0.30737,0.36324,0.37727,1.38282,1.49711,0.26686,0.56944,4.4,4.4
excluded,B0_global,ETV2,0.61298,0.65197,0.77704,0.79377,0.58469,0.28497,0.33868,0.3545,1.26317,1.3828,0.33207,0.64762,4.14286,4.14286
excluded,B0_global,ETV3,0.43477,0.63363,0.64242,0.7299,0.54201,0.28654,0.34173,0.35641,1.28527,1.36591,0.21915,0.66309,3.85714,0.42857
excluded,B0_global,ETV7,0.46711,0.6368,0.66815,0.75528,0.52991,0.28946,0.34442,0.34162,1.25738,1.34771,0.30944,0.72438,3.0,2.5
excluded,B0_global,EWSR1-FLI1,0.48425,0.55828,0.6,0.82,0.325,0.34718,0.402,0.45095,1.66539,1.76964,0.26903,0.55556,4.0,-4.0
excluded,B0_global,FOXB1,0.38339,0.63019,0.53639,0.69096,0.40345,0.28892,0.34211,0.33537,1.2429,1.31206,0.28303,0.61461,5.25,-5.0
excluded,B0_global,FOXC1,0.46757,0.6715,0.57401,0.75681,0.35396,0.25998,0.31128,0.2926,1.0694,1.14232,0.41403,0.79716,2.4,-0.8
excluded,B0_global,FOXD1,0.37909,0.56518,0.57143,0.72109,0.38095,0.33677,0.39081,0.42748,1.58204,1.66602,0.38709,0.71429,2.0,2.0
excluded,B0_global,FOXD2,0.40822,0.66663,0.53679,0.71227,0.35985,0.26014,0.30987,0.29328,1.07006,1.12416,0.30774,0.64467,3.1,-2.7
excluded,B0_global,FOXE1,0.45631,0.67077,0.52037,0.7364,0.32404,0.25948,0.3126,0.3012,1.09161,1.15438,0.31947,0.6801,3.66667,-3.0
excluded,B0_global,FOXF1,0.46431,0.58056,0.71429,0.75625,0.36667,0.33173,0.38738,0.42524,1.57139,1.6531,0.36994,0.85714,2.0,2.0
excluded,B0_global,FOXF2,0.38774,0.5887,0.625,0.71498,0.38889,0.3208,0.38099,0.43416,1.56655,1.6425,0.34466,0.88889,0.0,0.0
excluded,B0_global,FOXI1,0.39126,0.62295,0.58431,0.71635,0.41933,0.29239,0.34835,0.35105,1.29755,1.35834,0.29387,0.74135,3.2,-2.0
excluded,B0_global,FOXJ1,0.41515,0.58827,0.71429,0.73469,0.22727,0.32049,0.37789,0.39853,1.48027,1.55418,0.41515,1.0,2.0,2.0
excluded,B0_global,FOXJ2,0.36101,0.62763,0.50718,0.71681,0.33083,0.28889,0.34392,0.35274,1.29135,1.34783,0.30878,0.71689,2.72727,-2.36364
excluded,B0_global,FOXJ3,0.32609,0.60983,0.46473,0.7134,0.26152,0.30002,0.35528,0.36608,1.35168,1.40808,0.29345,0.80576,2.22222,-1.77778
excluded,B0_global,FOXL1,0.38547,0.62526,0.5213,0.75181,0.27776,0.29195,0.34667,0.35168,1.29091,1.36193,0.36125,0.81126,2.8,-1.2
excluded,B0_global,FOXN2,0.41347,0.67336,0.47727,0.74174,0.4375,0.25332,0.30785,0.27214,1.02769,1.073,0.2309,0.5,5.0,-1.0
excluded,B0_global,FOXO6,0.41402,0.58705,0.5969,0.7506,0.38766,0.31959,0.37609,0.39994,1.48037,1.55893,0.31654,0.8,3.0,-1.0
excluded,B0_global,FOXP1,0.37606,0.64301,0.54481,0.71205,0.36573,0.27731,0.3326,0.31914,1.19162,1.25198,0.34172,0.83482,4.33333,-2.0
excluded,B0_global,FOXP4,0.3918,0.5954,0.57143,0.72109,0.38095,0.30941,0.35959,0.32579,1.27328,1.34637,0.3918,1.0,2.0,2.0
excluded,B0_global,FOXS1,0.35186,0.59148,0.625,0.71875,0.5375,0.30703,0.36167,0.33403,1.29969,1.33995,0.34054,0.875,1.0,1.0
excluded,B0_global,KLF14,0.2574,0.65596,0.24874,0.64026,0.18918,0.26416,0.31836,0.29925,1.11603,1.13296,0.22448,0.88731,2.42857,-0.42857
excluded,B0_global,KLF2,0.27347,0.62935,0.38125,0.64434,0.28542,0.282,0.33763,0.3161,1.19058,1.21509,0.22911,0.88889,3.75,3.75
excluded,B0_global,NFE2,0.62991,0.60782,0.61059,0.86882,0.52587,0.30725,0.36296,0.38838,1.41651,1.49793,0.37895,0.60791,1.90909,1.18182
excluded,B0_global,NFE2L1,0.66731,0.57472,0.66667,0.91667,0.58333,0.32924,0.38618,0.43419,1.58398,1.67442,0.28599,0.42857,2.0,-2.0
excluded,B0_global,NPAS2,0.31386,0.66055,0.48667,0.67949,0.38262,0.26398,0.32749,0.3274,1.19827,1.21454,0.14276,0.53889,4.0,-2.4
excluded,B0_global,POU2F1::SOX2,0.33087,0.64094,0.58333,0.68359,0.45,0.27921,0.3308,0.30759,1.14994,1.21298,0.21783,0.41176,8.0,-8.0
excluded,B0_global,POU3F3,0.4795,0.68302,0.59266,0.78254,0.37491,0.25578,0.3038,0.26484,0.9918,1.07447,0.41431,0.78852,2.57143,-1.71429
excluded,B0_global,POU3F4,0.47062,0.63847,0.52338,0.79541,0.34327,0.28919,0.34088,0.33777,1.24558,1.34523,0.36568,0.62218,2.30769,-2.30769
excluded,B0_global,POU4F1,0.45039,0.6741,0.53401,0.78107,0.43735,0.25978,0.31083,0.27101,1.01944,1.09782,0.43968,0.74313,3.14286,-2.85714
excluded,B0_global,POU4F2,0.51963,0.63918,0.52083,0.83005,0.37873,0.28616,0.33819,0.31407,1.18044,1.28545,0.37104,0.64821,5.0,-5.0
excluded,B0_global,POU4F3,0.41882,0.68219,0.48891,0.75909,0.38009,0.25532,0.31034,0.27712,1.02897,1.10854,0.42186,0.73389,3.41667,-2.91667
excluded,B0_global,POU5F1B,0.29229,0.60549,0.47222,0.72258,0.28323,0.30069,0.35474,0.35433,1.32605,1.3851,0.28971,0.60606,1.0,-1.0
excluded,B0_global,POU5F1P1,0.44077,0.66287,0.54389,0.77787,0.33623,0.272,0.32573,0.31204,1.14864,1.22851,0.31205,0.61684,3.9,-3.5
excluded,B0_global,POU6F2,0.63959,0.66365,0.65125,0.89532,0.37849,0.27854,0.33258,0.32652,1.18944,1.32986,0.59663,0.90317,2.28571,0.28571
excluded,B0_global,SP3,0.23625,0.62858,0.23064,0.64408,0.22608,0.27876,0.33529,0.31674,1.19319,1.20654,0.21488,0.91412,2.42857,0.14286
excluded,B0_global,SP5,0.32419,0.67206,0.34091,0.72402,0.20977,0.25609,0.30685,0.29402,1.093,1.13103,0.25139,0.7893,6.0,-2.0
excluded,B0_global,SP7,0.57979,0.71034,0.63636,0.82381,0.41429,0.23934,0.28258,0.22621,0.84618,0.95456,0.49059,0.84615,1.0,-1.0
excluded,B0_global,THRA,0.32603,0.65615,0.40476,0.68651,0.36929,0.26446,0.31985,0.29083,1.09576,1.13253,0.2198,0.72419,3.0,0.14286
excluded,B0_global,ZBTB40,0.49381,0.62,0.70707,0.75686,0.46726,0.29814,0.35351,0.33931,1.277,1.35952,0.28415,0.75,2.5,-2.5
excluded,B0_family,EHF,0.70678,0.86147,0.78773,0.87877,0.67999,0.11342,0.18658,0.11426,0.5602,0.3659,0.70678,1.0,4.14286,4.14286
excluded,B0_family,ELF4,0.6933,0.84385,0.76136,0.86423,0.64582,0.12759,0.21161,0.13526,0.6566,0.45051,0.6933,1.0,3.0,3.0
excluded,B0_family,ELF5,0.70126,0.87759,0.78705,0.87823,0.64901,0.11007,0.17141,0.10301,0.50198,0.39487,0.70126,1.0,3.72727,3.72727
excluded,B0_family,ELK3,0.62948,0.77661,0.73651,0.87981,0.60952,0.1613,0.27296,0.20044,0.90812,0.53674,0.59522,0.91667,4.4,4.4
excluded,B0_family,ETV2,0.68963,0.82177,0.77802,0.86979,0.66012,0.14279,0.23441,0.16014,0.74804,0.39981,0.68963,1.0,4.14286,4.14286
excluded,B0_family,ETV3,0.58559,0.78159,0.68398,0.85626,0.60842,0.15688,0.2486,0.19535,0.90868,0.42438,0.47506,0.8106,3.85714,0.42857
excluded,B0_family,ETV7,0.62749,0.81283,0.74306,0.86581,0.58038,0.14559,0.21762,0.15718,0.77106,0.42371,0.52495,0.83196,3.0,2.5
excluded,B0_family,EWSR1-FLI1,0.53136,0.67716,0.64286,0.87415,0.32386,0.23265,0.35736,0.31385,1.21022,1.01239,0.41328,0.77778,4.0,-4.0
excluded,B0_family,FOXB1,0.46404,0.6895,0.6059,0.76444,0.39658,0.23816,0.32204,0.27926,1.15851,0.88728,0.30598,0.65097,5.25,-5.0
excluded,B0_family,FOXC1,0.65732,0.81134,0.65426,0.87728,0.44024,0.18323,0.24777,0.18845,0.74195,0.73635,0.56338,0.84483,2.4,-0.8
excluded,B0_family,FOXD1,0.62073,0.73616,0.71429,0.82313,0.60417,0.24026,0.32299,0.28266,1.16617,1.11947,0.62073,1.0,2.0,2.0
excluded,B0_family,FOXD2,0.5883,0.78315,0.57698,0.82375,0.35652,0.19845,0.26139,0.2092,0.84019,0.73036,0.43276,0.73342,3.1,-2.7
excluded,B0_family,FOXE1,0.72574,0.83652,0.74074,0.87101,0.5008,0.19311,0.25131,0.20904,0.74613,0.96261,0.52705,0.72253,3.66667,-3.0
excluded,B0_family,FOXF1,0.7721,0.82942,0.85714,0.88125,0.63889,0.21286,0.27291,0.23286,0.82753,1.11674,0.7721,1.0,2.0,2.0
excluded,B0_family,FOXF2,0.59401,0.76121,0.42857,0.90476,0.16667,0.23052,0.31279,0.29368,0.99065,1.22906,0.46201,0.77778,0.0,0.0
excluded,B0_family,FOXI1,0.58367,0.7535,0.60179,0.805,0.47625,0.22216,0.29401,0.24685,0.99054,0.94691,0.46528,0.78761,3.2,-2.0
excluded,B0_family,FOXJ1,0.62805,0.76088,0.71429,0.91156,0.36667,0.2161,0.30339,0.25167,0.8722,1.00761,0.62805,1.0,2.0,2.0
excluded,B0_family,FOXJ2,0.63733,0.77676,0.59957,0.85096,0.42469,0.2088,0.27906,0.23345,0.86475,0.92143,0.47921,0.75401,2.72727,-2.36364
excluded,B0_family,FOXJ3,0.69304,0.80495,0.67549,0.88856,0.46808,0.20688,0.26926,0.22835,0.83627,0.96065,0.51725,0.7428,2.22222,-1.77778
excluded,B0_family,FOXL1,0.68317,0.82166,0.73016,0.85513,0.58136,0.19307,0.25315,0.2016,0.74261,0.88782,0.58026,0.84221,2.8,-1.2
excluded,B0_family,FOXN2,0.30927,0.61083,0.63333,0.63266,0.52083,0.25894,0.34579,0.31524,1.5103,0.76404,0.19619,0.7,5.0,-1.0
excluded,B0_family,FOXO6,0.62861,0.74599,0.67143,0.80121,0.54048,0.23431,0.30979,0.26779,1.14392,1.05739,0.50336,0.78929,3.0,-1.0
excluded,B0_family,FOXP1,0.66432,0.79021,0.7295,0.82927,0.59873,0.20558,0.26965,0.20678,0.85468,0.84642,0.56884,0.84755,4.33333,-2.0
excluded,B0_family,FOXP4,0.63423,0.7611,0.71429,0.82313,0.60417,0.2131,0.29048,0.20363,0.91392,0.79982,0.63423,1.0,2.0,2.0
excluded,B0_family,FOXS1,0.54832,0.72167,0.625,0.76562,0.5,0.22678,0.3089,0.22734,1.00721,0.80061,0.54832,1.0,1.0,1.0
excluded,B0_family,KLF14,0.61189,0.7177,0.83798,0.84481,0.3982,0.24203,0.29257,0.26138,0.94437,1.07824,0.58008,0.92779,2.42857,-0.42857
excluded,B0_family,KLF2,0.65778,0.68307,0.75694,0.8662,0.28915,0.2715,0.32268,0.29427,1.08002,1.25325,0.65778,1.0,3.75,3.75
excluded,B0_family,NFE2,0.43901,0.66343,0.48154,0.7553,0.43669,0.27757,0.33497,0.33663,1.22921,1.34887,0.3861,0.92208,1.90909,1.18182
excluded,B0_family,NFE2L1,0.4063,0.61844,0.45455,0.75482,0.40952,0.31174,0.36981,0.38249,1.41421,1.55825,0.31924,0.78571,2.0,-2.0
excluded,B0_family,NPAS2,0.48847,0.72901,0.52222,0.77668,0.48,0.24455,0.30426,0.29547,1.0417,1.20536,0.38689,0.8,4.0,-2.4
excluded,B0_family,POU2F1::SOX2,0.33087,0.64094,0.58333,0.68359,0.45,0.27921,0.3308,0.30759,1.14994,1.21298,0.21783,0.41176,8.0,-8.0
excluded,B0_family,POU3F3,0.4795,0.68302,0.59266,0.78254,0.37491,0.25578,0.3038,0.26484,0.9918,1.07447,0.41431,0.78852,2.57143,-1.71429
excluded,B0_family,POU3F4,0.47062,0.63847,0.52338,0.79541,0.34327,0.28919,0.34088,0.33777,1.24558,1.34523,0.36568,0.62218,2.30769,-2.30769
excluded,B0_family,POU4F1,0.45039,0.6741,0.53401,0.78107,0.43735,0.25978,0.31083,0.27101,1.01944,1.09782,0.43968,0.74313,3.14286,-2.85714
excluded,B0_family,POU4F2,0.51963,0.63918,0.52083,0.83005,0.37873,0.28616,0.33819,0.31407,1.18044,1.28545,0.37104,0.64821,5.0,-5.0
excluded,B0_family,POU4F3,0.41882,0.68219,0.48891,0.75909,0.38009,0.25532,0.31034,0.27712,1.02897,1.10854,0.42186,0.73389,3.41667,-2.91667
excluded,B0_family,POU5F1B,0.29229,0.60549,0.47222,0.72258,0.28323,0.30069,0.35474,0.35433,1.32605,1.3851,0.28971,0.60606,1.0,-1.0
excluded,B0_family,POU5F1P1,0.44077,0.66287,0.54389,0.77787,0.33623,0.272,0.32573,0.31204,1.14864,1.22851,0.31205,0.61684,3.9,-3.5
excluded,B0_family,POU6F2,0.63959,0.66365,0.65125,0.89532,0.37849,0.27854,0.33258,0.32652,1.18944,1.32986,0.59663,0.90317,2.28571,0.28571
excluded,B0_family,SP3,0.60505,0.69871,0.76373,0.87148,0.37352,0.25047,0.30648,0.27293,0.99714,1.13053,0.5733,0.93197,2.42857,0.14286
excluded,B0_family,SP5,0.54962,0.70637,0.8265,0.79561,0.28114,0.2513,0.30259,0.28312,1.02747,1.15735,0.48555,0.7893,6.0,-2.0
excluded,B0_family,SP7,0.23517,0.7448,0.4,0.61905,0.14286,0.19818,0.24346,0.15866,0.62517,0.63704,0.09045,0.38462,1.0,-1.0
excluded,B0_family,THRA,0.53718,0.74115,0.62381,0.79797,0.61375,0.22938,0.29033,0.2476,0.91628,1.05124,0.37116,0.72281,3.0,0.14286
excluded,B0_family,ZBTB40,-0.1724,0.62613,0.125,0.43795,0.05357,0.25757,0.3117,0.24664,0.99893,0.9016,-0.07953,0.46667,2.5,-2.5
excluded,B1_nearest_pwm,EHF,0.73002,0.87201,0.76898,0.89547,0.66845,0.12261,0.18759,0.1153,1.67664,0.50444,0.73002,1.0,4.14286,4.14286
excluded,B1_nearest_pwm,ELF4,0.73305,0.86535,0.74053,0.88334,0.63252,0.1293,0.19862,0.13118,1.83922,0.59865,0.73305,1.0,3.0,3.0
excluded,B1_nearest_pwm,ELF5,0.59911,0.70665,0.67424,0.70254,0.40455,0.20308,0.36241,0.30254,4.15752,0.75157,0.16655,0.98347,3.72727,3.72727
excluded,B1_nearest_pwm,ELK3,0.42326,0.64014,0.52897,0.69864,0.40583,0.23467,0.36037,0.32208,5.28244,0.64577,0.41228,0.95,4.4,4.4
excluded,B1_nearest_pwm,ETV2,0.43134,0.58895,0.56803,0.59716,0.4619,0.29627,0.42215,0.47028,5.7629,1.15726,0.11397,0.83871,4.14286,4.14286
excluded,B1_nearest_pwm,ETV3,0.67644,0.82675,0.69048,0.90112,0.6053,0.14696,0.2244,0.16473,1.30476,0.51093,0.53384,0.77587,3.85714,0.42857
excluded,B1_nearest_pwm,ETV7,0.33742,0.58853,0.525,0.68065,0.31458,0.25492,0.38263,0.35296,1.98472,0.67031,0.1191,0.85191,3.0,2.5
excluded,B1_nearest_pwm,EWSR1-FLI1,0.46796,0.65815,0.64286,0.75,0.32386,0.2352,0.3718,0.35823,4.66389,0.91565,0.36397,0.77778,4.0,-4.0
excluded,B1_nearest_pwm,FOXB1,0.3845,0.58489,0.51389,0.6526,0.3375,0.25653,0.40779,0.38096,4.41456,0.54434,0.24318,0.63222,5.25,-5.0
excluded,B1_nearest_pwm,FOXC1,0.51735,0.68815,0.5863,0.8264,0.42057,0.21513,0.34524,0.27965,2.04339,0.62682,0.43345,0.8315,2.4,-0.8
excluded,B1_nearest_pwm,FOXD1,0.49237,0.64847,0.57143,0.88095,0.51786,0.20393,0.38131,0.29545,1.58426,0.49877,0.49237,1.0,2.0,2.0
excluded,B1_nearest_pwm,FOXD2,0.47102,0.66402,0.5352,0.7796,0.36313,0.22639,0.35602,0.29479,2.14764,0.60183,0.33044,0.69706,3.1,-2.7
excluded,B1_nearest_pwm,FOXE1,0.49056,0.69079,0.54935,0.72575,0.32454,0.23053,0.33525,0.29819,5.27982,0.79332,0.39296,0.74634,3.66667,-3.0
excluded,B1_nearest_pwm,FOXF1,0.65091,0.75675,0.71429,0.91563,0.5625,0.15932,0.31856,0.2068,0.92685,0.42216,0.65091,1.0,2.0,2.0
excluded,B1_nearest_pwm,FOXF2,0.40264,0.63635,0.5,0.80676,0.275,0.25463,0.36734,0.37992,5.38668,1.07306,0.33475,1.0,0.0,0.0
excluded,B1_nearest_pwm,FOXI1,0.80226,0.88086,0.7829,0.9082,0.60489,0.12634,0.19739,0.13053,0.89491,0.53362,0.66754,0.76868,3.2,-2.0
excluded,B1_nearest_pwm,FOXJ1,0.49676,0.65626,0.71429,0.70068,0.36667,0.22062,0.38368,0.33592,2.52635,0.69658,0.49428,1.0,2.0,2.0
excluded,B1_nearest_pwm,FOXJ2,0.78627,0.86868,0.79986,0.8859,0.62803,0.13404,0.20532,0.14833,1.14807,0.60341,0.62018,0.72356,2.72727,-2.36364
excluded,B1_nearest_pwm,FOXJ3,0.52449,0.71249,0.59965,0.86492,0.51802,0.18571,0.32304,0.23642,1.43865,0.45207,0.41617,0.80946,2.22222,-1.77778
excluded,B1_nearest_pwm,FOXL1,0.85,0.91928,0.83377,0.90651,0.64995,0.11001,0.16465,0.10359,1.15018,0.50635,0.7422,0.80736,2.8,-1.2
excluded,B1_nearest_pwm,FOXN2,0.3366,0.58001,0.42222,0.57635,0.38393,0.26064,0.40393,0.39534,3.4637,0.68683,0.27498,0.8,5.0,-1.0
excluded,B1_nearest_pwm,FOXO6,0.77931,0.86048,0.76786,0.92478,0.6353,0.12918,0.20804,0.14848,0.75772,0.54916,0.69084,0.84286,3.0,-1.0
excluded,B1_nearest_pwm,FOXP1,0.55216,0.70383,0.64325,0.78244,0.46265,0.20112,0.33636,0.27175,1.75092,0.5251,0.40216,0.833,4.33333,-2.0
excluded,B1_nearest_pwm,FOXP4,0.44098,0.65604,0.57143,0.7619,0.31429,0.22061,0.3601,0.28341,1.56254,0.52481,0.35951,1.0,2.0,2.0
excluded,B1_nearest_pwm,FOXS1,0.90655,0.94052,0.875,0.98958,0.72222,0.09072,0.14841,0.06715,0.59699,0.44999,0.90655,1.0,1.0,1.0
excluded,B1_nearest_pwm,KLF14,0.93233,0.96187,0.84141,0.99344,0.5877,0.07144,0.10627,0.05341,0.407,0.32655,0.8637,0.92098,2.42857,-0.42857
excluded,B1_nearest_pwm,KLF2,0.97594,0.9821,1.0,0.99913,0.75,0.06117,0.08073,0.04396,0.74262,0.35489,0.97594,1.0,3.75,3.75
excluded,B1_nearest_pwm,NFE2,0.38574,0.60297,0.4741,0.73427,0.46429,0.24338,0.39811,0.36674,2.18313,0.56661,0.35788,0.96753,1.90909,1.18182
excluded,B1_nearest_pwm,NFE2L1,0.73993,0.84706,0.85714,0.92188,0.83889,0.12254,0.23185,0.13376,0.74776,0.43876,0.59725,0.85714,2.0,-2.0
excluded,B1_nearest_pwm,NPAS2,0.65614,0.7595,0.72111,0.79671,0.72167,0.1864,0.31479,0.25536,2.69001,0.72098,0.54831,0.82222,4.0,-2.4
excluded,B1_nearest_pwm,POU2F1::SOX2,0.35423,0.60949,0.5,0.68555,0.49286,0.23323,0.37224,0.33142,2.77943,0.5672,0.21876,0.52941,8.0,-8.0
excluded,B1_nearest_pwm,POU3F3,0.17951,0.51075,0.44048,0.56754,0.42738,0.2867,0.41821,0.41957,2.44773,0.62627,0.1716,0.69115,2.57143,-1.71429
excluded,B1_nearest_pwm,POU3F4,0.33527,0.59359,0.53947,0.66935,0.48072,0.25892,0.38746,0.36558,1.95192,0.7042,0.23719,0.51215,2.30769,-2.30769
excluded,B1_nearest_pwm,POU4F1,0.44199,0.6394,0.55187,0.83109,0.33489,0.23128,0.36897,0.30407,1.62463,0.71449,0.30275,0.68727,3.14286,-2.85714
excluded,B1_nearest_pwm,POU4F2,0.50018,0.67353,0.55952,0.85337,0.36667,0.19085,0.35595,0.25577,1.41497,0.305,0.30292,0.60655,5.0,-5.0
excluded,B1_nearest_pwm,POU4F3,0.5217,0.67151,0.58912,0.8213,0.3348,0.22235,0.3604,0.29159,1.67644,0.72354,0.31337,0.61093,3.41667,-2.91667
excluded,B1_nearest_pwm,POU5F1B,0.67007,0.79416,0.66667,0.89931,0.53333,0.16849,0.25896,0.18682,0.7958,0.67941,0.40658,0.55051,1.0,-1.0
excluded,B1_nearest_pwm,POU5F1P1,0.65378,0.78333,0.66798,0.86561,0.515,0.18011,0.27359,0.20077,0.90073,0.72114,0.37513,0.55505,3.9,-3.5
excluded,B1_nearest_pwm,POU6F2,0.83692,0.91616,0.84467,0.94924,0.57959,0.11014,0.16887,0.10093,0.78719,0.53711,0.75841,0.9127,2.28571,0.28571
excluded,B1_nearest_pwm,SP3,0.92782,0.95749,0.80714,0.99065,0.41903,0.06716,0.11345,0.03834,0.16251,0.26127,0.85193,0.93197,2.42857,0.14286
excluded,B1_nearest_pwm,SP5,0.71377,0.83007,0.74495,0.94504,0.41435,0.12962,0.24014,0.14601,0.66275,0.36362,0.55708,0.7893,6.0,-2.0
excluded,B1_nearest_pwm,SP7,0.23221,0.59523,0.33333,0.73636,0.22619,0.25322,0.35212,0.29005,1.92493,0.51143,0.16076,0.69231,1.0,-1.0
excluded,B1_nearest_pwm,THRA,0.59424,0.72658,0.70238,0.78931,0.68741,0.18746,0.31727,0.27237,3.58166,0.63131,0.44985,0.70341,3.0,0.14286
excluded,B1_nearest_pwm,ZBTB40,0.09864,0.42676,0.34135,0.55354,0.27917,0.34425,0.48139,0.54207,8.35831,0.98067,0.0557,0.59167,2.5,-2.5
excluded,v24_seed42,EHF,0.63253,0.81016,0.68571,0.88844,0.40774,0.13998,0.23701,0.14731,0.64444,0.4244,0.60227,0.95527,3.14286,3.14286
excluded,v24_seed42,ELF4,0.67292,0.81427,0.76932,0.85888,0.65516,0.14324,0.24718,0.16458,0.83903,0.52414,0.62881,0.93371,2.0,2.0
excluded,v24_seed42,ELF5,0.72355,0.86949,0.79284,0.8883,0.65334,0.1099,0.1899,0.10337,0.5704,0.37295,0.7182,0.99174,2.72727,2.72727
excluded,v24_seed42,ELK3,0.63187,0.74688,0.71111,0.84796,0.59286,0.16697,0.31326,0.23049,1.26496,0.45165,0.61511,0.95,2.4,2.4
excluded,v24_seed42,ETV2,0.53726,0.7207,0.67879,0.81298,0.60799,0.21282,0.31439,0.25134,1.08529,0.66657,0.5155,0.96374,3.14286,3.14286
excluded,v24_seed42,ETV3,0.65581,0.79949,0.73016,0.87457,0.62585,0.14108,0.24977,0.17452,1.00876,0.39941,0.4875,0.74114,4.0,-0.57143
excluded,v24_seed42,ETV7,0.66268,0.82476,0.7207,0.87958,0.4005,0.13984,0.21856,0.1547,0.86949,0.40925,0.46076,0.70179,2.5,1.5
excluded,v24_seed42,EWSR1-FLI1,0.56506,0.69486,0.69231,0.86785,0.35897,0.21574,0.355,0.30075,1.21298,0.89061,0.4081,0.72222,5.0,-5.0
excluded,v24_seed42,FOXB1,0.70246,0.80528,0.77528,0.84082,0.46377,0.14892,0.26902,0.17067,1.00259,0.4537,0.54881,0.77787,3.75,-3.0
excluded,v24_seed42,FOXC1,0.78983,0.87527,0.81976,0.89011,0.53475,0.12894,0.20597,0.13443,0.80773,0.53643,0.70835,0.89708,2.4,1.2
excluded,v24_seed42,FOXD1,0.79618,0.86992,0.85714,0.95238,0.72222,0.09931,0.21485,0.13249,0.69112,0.42921,0.79618,1.0,4.0,4.0
excluded,v24_seed42,FOXD2,0.7109,0.83505,0.75945,0.84632,0.49458,0.14556,0.23394,0.15781,0.92982,0.48379,0.58055,0.81826,1.5,-0.7
excluded,v24_seed42,FOXE1,0.73373,0.86611,0.76905,0.90444,0.54286,0.11778,0.20004,0.10825,0.49821,0.48028,0.59464,0.81074,2.33333,-1.0
excluded,v24_seed42,FOXF1,0.99548,0.99724,1.0,1.0,0.75,0.02719,0.03741,0.01651,0.05672,0.24803,0.99548,1.0,4.0,4.0
excluded,v24_seed42,FOXF2,0.6099,0.85504,0.66667,0.94545,0.49167,0.10962,0.17917,0.10866,0.41217,0.41895,0.6099,1.0,2.0,2.0
excluded,v24_seed42,FOXI1,0.69531,0.82909,0.75934,0.86923,0.60599,0.13153,0.23407,0.15506,0.81988,0.47569,0.60463,0.84915,2.4,0.0
excluded,v24_seed42,FOXJ1,0.92796,0.92946,1.0,1.0,0.5,0.136,0.19191,0.13886,0.51061,0.92798,0.92796,1.0,4.0,4.0
excluded,v24_seed42,FOXJ2,0.70214,0.8199,0.74754,0.88394,0.41949,0.146,0.24859,0.17442,0.86355,0.52706,0.51894,0.74099,1.72727,0.63636
excluded,v24_seed42,FOXJ3,0.59747,0.77861,0.675,0.86853,0.36514,0.14956,0.26866,0.19125,1.02945,0.44803,0.53971,0.90558,1.88889,1.22222
excluded,v24_seed42,FOXL1,0.82418,0.89954,0.84387,0.92574,0.64504,0.11577,0.18765,0.11073,0.54695,0.51223,0.72355,0.87078,2.4,0.8
excluded,v24_seed42,FOXN2,0.31216,0.58713,0.45,0.72944,0.34583,0.24523,0.37962,0.32038,1.8156,0.55476,0.27741,0.9,5.0,2.0
excluded,v24_seed42,FOXO6,0.6337,0.7784,0.69405,0.89229,0.40111,0.17509,0.27332,0.21533,0.93892,0.82197,0.5219,0.79286,3.4,1.0
excluded,v24_seed42,FOXP1,0.62851,0.79865,0.71081,0.87716,0.38045,0.16019,0.2558,0.18226,0.87108,0.6938,0.52981,0.85979,6.33333,1.0
excluded,v24_seed42,FOXP4,0.60657,0.81147,0.71429,0.93197,0.45,0.13358,0.23516,0.14046,0.67036,0.57019,0.60657,1.0,5.0,5.0
excluded,v24_seed42,FOXS1,0.85134,0.90971,0.875,0.98438,0.72222,0.08313,0.17224,0.06894,0.32505,0.35531,0.85134,1.0,3.0,3.0
excluded,v24_seed42,KLF14,0.88864,0.92929,0.92294,0.94906,0.51353,0.08117,0.15433,0.06585,0.35118,0.30769,0.81355,0.92098,2.42857,-0.42857
excluded,v24_seed42,KLF2,0.88217,0.92871,0.85069,0.99566,0.45994,0.07304,0.15252,0.05502,0.26988,0.29502,0.88217,1.0,3.75,3.75
excluded,v24_seed42,NFE2,0.76549,0.86417,0.7854,0.91596,0.79102,0.10747,0.21092,0.13068,0.70311,0.41967,0.73695,0.96104,1.90909,1.18182
excluded,v24_seed42,NFE2L1,0.67104,0.78692,0.72727,0.91185,0.72917,0.15065,0.28458,0.19574,0.86405,0.51624,0.52725,0.78571,2.0,-2.0
excluded,v24_seed42,NPAS2,0.7316,0.87561,0.76786,0.90685,0.76,0.0919,0.18772,0.1096,0.82872,0.25874,0.52105,0.70833,4.4,-4.4
excluded,v24_seed42,POU2F1::SOX2,0.61574,0.80612,0.57143,0.89444,0.36667,0.14437,0.25399,0.16298,1.19383,0.51229,0.25354,0.41176,10.0,-10.0
excluded,v24_seed42,POU3F3,0.73703,0.83038,0.85714,0.81896,0.72857,0.15933,0.23871,0.18685,1.50577,0.67343,0.45749,0.62686,4.0,-3.71429
excluded,v24_seed42,POU3F4,0.77126,0.84751,0.8,0.87766,0.53397,0.13387,0.22786,0.16117,1.05128,0.62261,0.39487,0.51643,4.30769,-4.30769
excluded,v24_seed42,POU4F1,0.60281,0.80992,0.69286,0.83347,0.5381,0.15376,0.236,0.18396,1.04769,0.48905,0.38529,0.63874,3.85714,-3.85714
excluded,v24_seed42,POU4F2,0.71805,0.86302,0.79167,0.90103,0.59167,0.11791,0.19732,0.12975,0.70879,0.40942,0.35055,0.50952,6.0,-6.0
excluded,v24_seed42,POU4F3,0.5322,0.77891,0.65972,0.81217,0.53294,0.16519,0.25509,0.20409,1.15195,0.5223,0.35376,0.65975,4.25,-3.91667
excluded,v24_seed42,POU5F1B,0.58967,0.7463,0.66667,0.84809,0.575,0.17955,0.29002,0.22659,1.39299,0.58409,0.35988,0.60606,3.0,-3.0
excluded,v24_seed42,POU5F1P1,0.6681,0.78719,0.71286,0.83162,0.51262,0.17597,0.26227,0.20531,1.40484,0.68634,0.33447,0.50379,5.5,-5.5
excluded,v24_seed42,POU6F2,0.85995,0.92854,0.87755,0.9601,0.64048,0.09574,0.1525,0.08285,0.44927,0.5183,0.67515,0.77523,2.57143,-1.71429
excluded,v24_seed42,SP3,0.88402,0.92707,0.87208,0.9776,0.51427,0.07932,0.1552,0.06081,0.32359,0.31138,0.82557,0.93991,2.85714,1.14286
excluded,v24_seed42,SP5,0.86491,0.90484,0.91414,0.94997,0.38889,0.08716,0.19152,0.09639,0.59329,0.33821,0.6171,0.72352,6.33333,-3.0
excluded,v24_seed42,SP7,0.38373,0.61764,0.5,0.56303,0.39286,0.25032,0.37759,0.34963,2.97485,0.82081,0.17711,0.46154,0.0,0.0
excluded,v24_seed42,THRA,0.83582,0.91413,0.75541,0.94997,0.75408,0.09496,0.16006,0.07746,0.38024,0.38629,0.48793,0.57821,5.28571,-3.85714
excluded,v24_seed42,ZBTB40,0.09628,0.41975,0.33333,0.53125,0.31696,0.33087,0.47337,0.50563,2.94261,0.83608,0.04714,0.5,5.5,-5.5
excluded,v24_ens5,EHF,0.70974,0.83638,0.79286,0.86167,0.68452,0.17154,0.22977,0.16576,0.6485,0.81684,0.67583,0.95527,3.14286,3.14286
excluded,v24_ens5,ELF4,0.71359,0.81952,0.76932,0.83062,0.65516,0.1883,0.25314,0.19866,0.80637,0.96717,0.66686,0.93371,2.0,2.0
excluded,v24_ens5,ELF5,0.7195,0.8563,0.79284,0.81714,0.65334,0.15603,0.21284,0.14878,0.63006,0.7473,0.71423,0.99174,2.72727,2.72727
excluded,v24_ens5,ELK3,0.68278,0.79998,0.73651,0.91096,0.60952,0.18629,0.2672,0.19856,0.73847,0.88198,0.6441,0.91667,2.4,2.4
excluded,v24_ens5,ETV2,0.72648,0.81579,0.78543,0.88166,0.66378,0.2003,0.25571,0.20967,0.74869,1.0122,0.69772,0.96374,3.14286,3.14286
excluded,v24_ens5,ETV3,0.66396,0.80699,0.73016,0.86217,0.62585,0.18574,0.24776,0.20237,0.72539,0.85636,0.49458,0.74114,4.0,-0.57143
excluded,v24_ens5,ETV7,0.69835,0.83478,0.81628,0.84723,0.61302,0.17268,0.22408,0.17208,0.72521,0.75999,0.50417,0.7691,2.5,1.5
excluded,v24_ens5,EWSR1-FLI1,0.57986,0.69485,0.69231,0.83037,0.35897,0.26376,0.35644,0.34266,1.27994,1.37852,0.41879,0.72222,5.0,-5.0
excluded,v24_ens5,FOXB1,0.62564,0.77085,0.63011,0.81574,0.35741,0.18206,0.28261,0.19763,0.90294,0.63787,0.48928,0.77787,3.75,-3.0
excluded,v24_ens5,FOXC1,0.78437,0.8717,0.80909,0.88953,0.52664,0.13681,0.19912,0.13383,0.58168,0.53999,0.70782,0.90542,2.4,1.2
excluded,v24_ens5,FOXD1,0.80336,0.8617,0.85714,0.92517,0.72222,0.13541,0.23814,0.15794,0.61377,0.65178,0.80336,1.0,4.0,4.0
excluded,v24_ens5,FOXD2,0.78484,0.86874,0.79986,0.87912,0.52132,0.13498,0.20161,0.13159,0.56941,0.48116,0.61516,0.78749,1.5,-0.7
excluded,v24_ens5,FOXE1,0.86789,0.9179,0.85238,0.91983,0.58646,0.12799,0.16974,0.11126,0.40696,0.70095,0.70424,0.81074,2.33333,-1.0
excluded,v24_ens5,FOXF1,0.98316,0.98379,1.0,1.0,0.75,0.07292,0.10308,0.05618,0.18487,0.56759,0.98316,1.0,4.0,4.0
excluded,v24_ens5,FOXF2,0.72941,0.89963,0.77778,0.94909,0.625,0.12316,0.17167,0.12339,0.42044,0.67938,0.72941,1.0,2.0,2.0
excluded,v24_ens5,FOXI1,0.72421,0.84944,0.76674,0.90325,0.5964,0.13912,0.21869,0.14713,0.60394,0.5488,0.64578,0.88551,2.4,0.0
excluded,v24_ens5,FOXJ1,0.89117,0.91256,0.85714,0.9932,0.47727,0.1493,0.19145,0.1325,0.44176,0.96092,0.89117,1.0,4.0,4.0
excluded,v24_ens5,FOXJ2,0.80351,0.88013,0.80086,0.9372,0.51678,0.13918,0.20007,0.14127,0.52729,0.69999,0.62917,0.76509,1.72727,0.63636
excluded,v24_ens5,FOXJ3,0.68368,0.82186,0.74722,0.87508,0.54068,0.17047,0.2407,0.18304,0.70908,0.7714,0.63286,0.92267,1.88889,1.22222
excluded,v24_ens5,FOXL1,0.88439,0.93155,0.90245,0.92571,0.69877,0.11668,0.15926,0.1016,0.38806,0.61261,0.7737,0.87078,2.4,0.8
excluded,v24_ens5,FOXN2,0.33871,0.63256,0.45,0.71628,0.34583,0.25385,0.34014,0.29014,1.27426,0.79982,0.30218,0.9,5.0,2.0
excluded,v24_ens5,FOXO6,0.63562,0.78019,0.72392,0.83047,0.58912,0.18884,0.28059,0.2206,0.92584,0.82653,0.58685,0.88571,3.4,1.0
excluded,v24_ens5,FOXP1,0.70139,0.83111,0.79015,0.84528,0.6279,0.16962,0.24088,0.16591,0.68411,0.72958,0.64464,0.89286,6.33333,1.0
excluded,v24_ens5,FOXP4,0.81122,0.8679,0.85714,0.89796,0.72222,0.1359,0.22442,0.11917,0.51022,0.58035,0.81122,1.0,5.0,5.0
excluded,v24_ens5,FOXS1,0.72165,0.84591,0.75,0.94271,0.61667,0.12866,0.22192,0.10818,0.44438,0.41036,0.72165,1.0,3.0,3.0
excluded,v24_ens5,KLF14,0.94616,0.96884,0.93434,0.988,0.64631,0.0595,0.09627,0.03182,0.13641,0.25625,0.8716,0.92098,2.42857,-0.42857
excluded,v24_ens5,KLF2,0.93639,0.96582,0.85069,0.9987,0.45994,0.05474,0.09842,0.03038,0.13502,0.23556,0.93639,1.0,3.75,3.75
excluded,v24_ens5,NFE2,0.76634,0.88941,0.83333,0.95734,0.83501,0.12347,0.1912,0.12868,0.46568,0.70357,0.73218,0.95455,1.90909,1.18182
excluded,v24_ens5,NFE2L1,0.67491,0.81004,0.8,0.92667,0.78333,0.19393,0.2686,0.22033,0.76968,1.06131,0.48208,0.71429,2.0,-2.0
excluded,v24_ens5,NPAS2,0.75496,0.88281,0.76429,0.90571,0.75738,0.11103,0.19245,0.12634,0.76952,0.48445,0.51513,0.68611,4.4,-4.4
excluded,v24_ens5,POU2F1::SOX2,0.92983,0.92588,1.0,0.81818,0.5,0.14905,0.18525,0.11353,0.42129,0.8561,0.21878,0.23529,10.0,-10.0
excluded,v24_ens5,POU3F3,0.71572,0.84349,0.76871,0.85554,0.50799,0.15092,0.21899,0.15322,1.01383,0.5538,0.43642,0.61258,4.0,-3.71429
excluded,v24_ens5,POU3F4,0.71152,0.82351,0.73114,0.87406,0.49661,0.15411,0.23373,0.17698,0.88459,0.62745,0.37249,0.52876,4.30769,-4.30769
excluded,v24_ens5,POU4F1,0.61712,0.82418,0.65969,0.86574,0.43197,0.15616,0.22596,0.16107,0.80124,0.6242,0.37033,0.60394,3.85714,-3.85714
excluded,v24_ens5,POU4F2,0.64538,0.82706,0.64732,0.87811,0.41429,0.16449,0.2421,0.18676,0.82194,0.78667,0.35866,0.55536,6.0,-6.0
excluded,v24_ens5,POU4F3,0.5439,0.78718,0.62093,0.79757,0.40823,0.17736,0.25405,0.19782,1.07171,0.67097,0.33331,0.6165,4.25,-3.91667
excluded,v24_ens5,POU5F1B,0.59526,0.76727,0.66667,0.87833,0.575,0.17137,0.26649,0.19396,0.87951,0.62284,0.36386,0.60606,3.0,-3.0
excluded,v24_ens5,POU5F1P1,0.6602,0.79784,0.71286,0.83596,0.51262,0.17361,0.25103,0.18801,0.97734,0.70532,0.33215,0.50379,5.5,-5.5
excluded,v24_ens5,POU6F2,0.87774,0.92082,0.85374,0.9542,0.59354,0.10557,0.16685,0.09804,0.48631,0.53197,0.68673,0.77523,2.57143,-1.71429
excluded,v24_ens5,SP3,0.89831,0.93803,0.86109,0.97872,0.47667,0.06894,0.13798,0.04734,0.22467,0.24271,0.83935,0.93991,2.85714,1.14286
excluded,v24_ens5,SP5,0.79799,0.85332,0.8165,0.92184,0.31094,0.13285,0.22605,0.14827,0.60457,0.58324,0.56717,0.72352,6.33333,-3.0
excluded,v24_ens5,SP7,0.34548,0.59125,0.33333,0.56303,0.125,0.27063,0.38507,0.36319,2.7739,0.8243,0.15945,0.46154,0.0,0.0
excluded,v24_ens5,THRA,0.70268,0.8291,0.75541,0.88485,0.75408,0.17751,0.24126,0.16705,0.63886,0.77192,0.41056,0.57821,5.28571,-3.85714
excluded,v24_ens5,ZBTB40,0.21433,0.54238,0.29167,0.66667,0.24702,0.30778,0.39577,0.38748,1.49992,1.24488,0.15128,0.7,5.5,-5.5
clean_combined,random_uniform,CLOCK,0.0,0.56573,0.22222,0.5,0.09091,0.32669,0.39204,0.44615,1.63724,1.63724,0.0,1.0,1.0,1.0
clean_combined,random_uniform,EHF,0.0,0.61114,0.32973,0.5,0.12176,0.28723,0.34748,0.33921,1.2751,1.2751,0.0,1.0,4.14286,4.14286
clean_combined,random_uniform,ELF1,0.0,0.64617,0.27273,0.5,0.10714,0.26433,0.32981,0.31082,1.15881,1.15881,0.0,1.0,3.0,3.0
clean_combined,random_uniform,ELF2,0.0,0.61732,0.2,0.5,0.08333,0.28324,0.34639,0.33694,1.26457,1.26457,0.0,1.0,4.0,4.0
clean_combined,random_uniform,ELF3,0.0,0.60143,0.45455,0.5,0.15625,0.2963,0.35701,0.36467,1.35558,1.35557,0.0,1.0,3.0,3.0
clean_combined,random_uniform,ELF4,0.0,0.61663,0.35152,0.5,0.12847,0.28833,0.34915,0.34615,1.29226,1.29226,0.0,1.0,3.0,3.0
clean_combined,random_uniform,ELF5,0.0,0.64649,0.3314,0.5,0.1207,0.26657,0.32932,0.31283,1.16487,1.16487,0.0,1.0,3.72727,3.72727
clean_combined,random_uniform,ELK1,0.0,0.55519,0.33333,0.5,0.125,0.32932,0.38788,0.41795,1.56728,1.56728,0.0,1.0,5.0,5.0
clean_combined,random_uniform,ELK3,0.0,0.584,0.33333,0.5,0.125,0.30678,0.36437,0.37164,1.39635,1.39635,0.0,1.0,4.4,4.4
clean_combined,random_uniform,ELK4,0.0,0.59532,0.25,0.5,0.1,0.30111,0.36049,0.37263,1.38449,1.38449,0.0,1.0,6.0,6.0
clean_combined,random_uniform,ERF,0.0,0.59797,0.42857,0.5,0.15,0.30013,0.3541,0.34742,1.31494,1.31494,0.0,1.0,7.0,7.0
clean_combined,random_uniform,ERG,0.0,0.61459,0.3,0.5,0.11538,0.28325,0.34298,0.34113,1.2672,1.2672,0.0,1.0,4.0,4.0
clean_combined,random_uniform,ETS1,0.0,0.58757,0.33333,0.5,0.125,0.30096,0.35741,0.36274,1.35802,1.35802,0.0,1.0,5.0,5.0
clean_combined,random_uniform,ETS2,0.0,0.65363,0.3,0.5,0.11538,0.26543,0.31967,0.29256,1.09659,1.09659,0.0,1.0,4.0,4.0
clean_combined,random_uniform,ETV1,0.0,0.58961,0.33333,0.5,0.125,0.30038,0.36014,0.37149,1.38221,1.38221,0.0,1.0,5.0,5.0
clean_combined,random_uniform,ETV2,0.0,0.61138,0.4326,0.5,0.15057,0.29013,0.34529,0.3527,1.30187,1.30187,0.0,1.0,4.14286,4.14286
clean_combined,random_uniform,ETV3,0.0,0.62251,0.29592,0.5,0.11345,0.27984,0.33636,0.33313,1.23383,1.23383,0.0,0.91479,3.85714,0.42857
clean_combined,random_uniform,ETV4,0.0,0.60621,0.375,0.5,0.13636,0.294,0.34908,0.35751,1.32233,1.32233,0.0,1.0,6.0,6.0
clean_combined,random_uniform,ETV5,0.0,0.62427,0.33333,0.5,0.125,0.2812,0.34158,0.3407,1.26118,1.26118,0.0,1.0,5.0,5.0
clean_combined,random_uniform,ETV6,0.0,0.63316,0.2,0.5,0.08333,0.27382,0.33253,0.30506,1.15793,1.15793,0.0,1.0,4.0,4.0
clean_combined,random_uniform,ETV7,0.0,0.61898,0.26057,0.5,0.10156,0.28614,0.34393,0.33533,1.25848,1.25848,0.0,0.98438,3.0,2.5
clean_combined,random_uniform,EWSR1-FLI1,0.0,0.50832,0.42857,0.5,0.15,0.36684,0.42373,0.50913,1.88402,1.88402,0.0,0.77778,4.0,-4.0
clean_combined,random_uniform,FEV,0.0,0.56828,0.33333,0.5,0.125,0.31755,0.37772,0.41045,1.51987,1.51987,0.0,1.0,5.0,5.0
clean_combined,random_uniform,FLI1,0.0,0.62057,0.3,0.5,0.11538,0.28122,0.33873,0.33453,1.24133,1.24133,0.0,1.0,4.0,4.0
clean_combined,random_uniform,FOXA1,0.0,0.64831,0.11111,0.5,0.05,0.26029,0.31471,0.28158,1.06357,1.06357,0.0,0.9,1.0,-1.0
clean_combined,random_uniform,FOXA2,0.0,0.61311,0.22222,0.5,0.09091,0.28939,0.34397,0.36257,1.31927,1.31927,0.0,0.9,1.0,-1.0
clean_combined,random_uniform,FOXA3,0.0,0.61971,0.11111,0.5,0.05,0.28406,0.34163,0.35262,1.28863,1.28863,0.0,0.9,1.0,-1.0
clean_combined,random_uniform,FOXB1,0.0,0.62598,0.33681,0.5,0.12067,0.27862,0.3318,0.3136,1.18029,1.18029,0.0,0.67776,5.25,-5.0
clean_combined,random_uniform,FOXC1,0.0,0.63763,0.23241,0.5,0.08671,0.27031,0.32322,0.30983,1.15024,1.15024,0.0,0.87261,2.4,-0.8
clean_combined,random_uniform,FOXC2,0.0,0.5951,0.11111,0.5,0.05,0.30509,0.36102,0.38328,1.4113,1.4113,0.0,0.75,3.0,-3.0
clean_combined,random_uniform,FOXD1,0.0,0.53121,0.57143,0.5,0.18182,0.34643,0.40156,0.44706,1.67543,1.67543,0.0,1.0,2.0,2.0
clean_combined,random_uniform,FOXD2,0.0,0.62527,0.29206,0.5,0.10163,0.27772,0.32991,0.3257,1.20311,1.20311,0.0,0.77444,3.1,-2.7
clean_combined,random_uniform,FOXD3,0.0,0.69449,0.66667,0.5,0.2,0.23799,0.29154,0.26805,0.97176,0.97176,0.0,0.5,9.0,-9.0
clean_combined,random_uniform,FOXE1,0.0,0.60611,0.16667,0.5,0.05833,0.29294,0.351,0.36167,1.3362,1.3362,0.0,0.74634,3.66667,-3.0
clean_combined,random_uniform,FOXF1,0.0,0.54372,0.14286,0.5,0.0625,0.34279,0.39772,0.44507,1.66136,1.66136,0.0,1.0,2.0,2.0
clean_combined,random_uniform,FOXF2,0.0,0.58259,0.55556,0.5,0.17857,0.3129,0.37426,0.42197,1.53184,1.53184,0.0,1.0,0.0,0.0
clean_combined,random_uniform,FOXG1,0.0,0.62775,0.14286,0.5,0.0625,0.27793,0.34596,0.34542,1.28077,1.28077,0.0,1.0,2.0,2.0
clean_combined,random_uniform,FOXI1,0.0,0.58844,0.20794,0.5,0.08205,0.3054,0.36306,0.38024,1.41401,1.41401,0.0,0.80504,3.2,-2.0
clean_combined,random_uniform,FOXJ1,0.0,0.55323,0.0,0.5,0.0,0.33105,0.38794,0.41664,1.56357,1.56357,0.0,1.0,2.0,2.0
clean_combined,random_uniform,FOXJ2,0.0,0.59659,0.23485,0.5,0.08737,0.3006,0.35533,0.37466,1.38213,1.38213,0.0,0.79772,2.72727,-2.36364
clean_combined,random_uniform,FOXJ3,0.0,0.58845,0.1142,0.5,0.05123,0.30415,0.35987,0.37407,1.39119,1.39119,0.0,0.83724,2.22222,-1.77778
clean_combined,random_uniform,FOXK1,0.0,0.63332,0.22222,0.5,0.09091,0.27378,0.33558,0.32289,1.20395,1.20395,0.0,1.0,0.0,0.0
clean_combined,random_uniform,FOXK2,0.0,0.6409,0.11111,0.5,0.05,0.26478,0.3295,0.30687,1.15332,1.15332,0.0,1.0,0.0,0.0
clean_combined,random_uniform,FOXL1,0.0,0.58377,0.1873,0.5,0.06886,0.30986,0.36309,0.38183,1.41755,1.41755,0.0,0.84221,2.8,-1.2
clean_combined,random_uniform,FOXL2,0.0,0.61683,0.22222,0.5,0.09091,0.28653,0.34383,0.33268,1.24999,1.24999,0.0,0.9,1.0,-1.0
clean_combined,random_uniform,FOXM1,0.0,0.65092,0.11111,0.5,0.05,0.26207,0.31032,0.27428,1.0385,1.0385,0.0,0.9,1.0,-1.0
clean_combined,random_uniform,FOXN2,0.0,0.64575,0.11111,0.5,0.04545,0.26608,0.32384,0.29987,1.13753,1.13753,0.0,0.8,5.0,-1.0
clean_combined,random_uniform,FOXN3,0.0,0.51384,0.625,0.5,0.19231,0.36147,0.41739,0.46851,1.77772,1.77772,0.0,1.0,1.0,1.0
clean_combined,random_uniform,FOXO1,0.0,0.59015,0.14286,0.5,0.0625,0.29828,0.35664,0.35628,1.34206,1.34206,0.0,1.0,2.0,2.0
clean_combined,random_uniform,FOXO3,0.0,0.59495,0.125,0.5,0.05556,0.30228,0.36067,0.36848,1.37675,1.37675,0.0,1.0,1.0,1.0
clean_combined,random_uniform,FOXO4,0.0,0.63363,0.125,0.5,0.05556,0.27489,0.33599,0.32244,1.20396,1.20396,0.0,1.0,1.0,1.0
clean_combined,random_uniform,FOXO6,0.0,0.55199,0.25675,0.5,0.09074,0.33053,0.38766,0.42223,1.57831,1.57831,0.0,0.85714,3.0,-1.0
clean_combined,random_uniform,FOXP1,0.0,0.59774,0.1832,0.5,0.07382,0.29702,0.35143,0.35002,1.31787,1.31787,0.0,0.8869,4.33333,-2.0
clean_combined,random_uniform,FOXP2,0.0,0.58132,0.14286,0.5,0.0625,0.30343,0.35749,0.34844,1.32883,1.32883,0.0,1.0,2.0,2.0
clean_combined,random_uniform,FOXP3,0.0,0.6846,0.11111,0.5,0.05,0.24294,0.3029,0.25006,0.95909,0.95909,0.0,1.0,0.0,0.0
clean_combined,random_uniform,FOXP4,0.0,0.56194,0.14286,0.5,0.0625,0.31906,0.36993,0.34364,1.35578,1.35578,0.0,1.0,2.0,2.0
clean_combined,random_uniform,FOXS1,0.0,0.57168,0.25,0.5,0.1,0.31367,0.36717,0.34365,1.34579,1.34579,0.0,1.0,1.0,1.0
clean_combined,random_uniform,GABPA,0.0,0.5517,0.33333,0.5,0.125,0.32944,0.38539,0.41865,1.56219,1.56219,0.0,1.0,5.0,5.0
clean_combined,random_uniform,GCN4,0.0,0.55024,0.28571,0.5,0.11111,0.33175,0.3854,0.41846,1.56532,1.56532,0.0,1.0,5.0,5.0
clean_combined,random_uniform,KLF14,0.0,0.64068,0.0119,0.5,0.00549,0.27031,0.3247,0.30765,1.14714,1.14714,0.0,0.92779,2.42857,-0.42857
clean_combined,random_uniform,KLF2,0.0,0.60654,0.03125,0.5,0.01389,0.29397,0.34851,0.33594,1.27222,1.27222,0.0,1.0,3.75,3.75
clean_combined,random_uniform,NFE2,0.0,0.57691,0.30592,0.5,0.1165,0.31447,0.37247,0.40031,1.48413,1.48413,0.0,0.97403,1.90909,1.18182
clean_combined,random_uniform,NFE2L1,0.0,0.56889,0.41667,0.5,0.14706,0.3194,0.38084,0.40217,1.51127,1.51127,0.0,0.85714,2.0,-2.0
clean_combined,random_uniform,NFE2L2,0.0,0.62454,0.25,0.5,0.1,0.28433,0.34332,0.31358,1.20572,1.20572,0.0,0.85714,2.0,-2.0
clean_combined,random_uniform,NPAS2,0.0,0.67953,0.30111,0.5,0.11483,0.24788,0.30255,0.28897,1.06147,1.06147,0.0,0.82222,4.0,-2.4
clean_combined,random_uniform,P53,0.0,0.62656,0.25,0.5,0.1,0.27495,0.32257,0.28864,1.10142,1.10142,0.0,0.85714,2.0,-2.0
clean_combined,random_uniform,POU1F1,0.0,0.58229,0.22222,0.5,0.09091,0.3142,0.36558,0.3822,1.42539,1.42539,0.0,0.64286,5.0,-5.0
clean_combined,random_uniform,POU2F1,0.0,0.59064,0.44444,0.5,0.15385,0.2997,0.35078,0.3355,1.28131,1.28131,0.0,1.0,0.0,0.0
clean_combined,random_uniform,POU2F1::SOX2,0.0,0.60537,0.33333,0.5,0.125,0.29361,0.34799,0.34016,1.28243,1.28243,0.0,0.52941,8.0,-8.0
clean_combined,random_uniform,POU2F2,0.0,0.55911,0.55556,0.5,0.17857,0.32774,0.38952,0.44273,1.62601,1.62601,0.0,0.69231,4.0,-4.0
clean_combined,random_uniform,POU2F3,0.0,0.56031,0.44444,0.5,0.15385,0.32388,0.37886,0.37698,1.45226,1.45226,0.0,1.0,0.0,0.0
clean_combined,random_uniform,POU3F1,0.0,0.6259,0.44444,0.5,0.15385,0.28138,0.33158,0.30562,1.16162,1.16162,0.0,0.9,1.0,-1.0
clean_combined,random_uniform,POU3F2,0.0,0.604,0.44444,0.5,0.15385,0.29888,0.34972,0.34044,1.28845,1.28845,0.0,0.75,3.0,-3.0
clean_combined,random_uniform,POU3F3,0.0,0.64888,0.37302,0.5,0.13432,0.26518,0.31315,0.28115,1.06472,1.06472,0.0,0.82637,2.57143,-1.71429
clean_combined,random_uniform,POU3F4,0.0,0.58525,0.36752,0.5,0.13307,0.30871,0.36284,0.37808,1.41281,1.41281,0.0,0.80686,2.30769,-2.30769
clean_combined,random_uniform,POU4F1,0.0,0.63798,0.42063,0.5,0.14744,0.27081,0.32399,0.28906,1.10426,1.10426,0.0,0.76099,3.14286,-2.85714
clean_combined,random_uniform,POU4F2,0.0,0.59925,0.36111,0.5,0.13221,0.29479,0.34826,0.33543,1.27436,1.27436,0.0,0.64821,5.0,-5.0
clean_combined,random_uniform,POU4F3,0.0,0.64477,0.43981,0.5,0.15015,0.2681,0.32568,0.30082,1.13269,1.13269,0.0,0.75055,3.41667,-2.91667
clean_combined,random_uniform,POU5F1,0.0,0.56017,0.57143,0.5,0.18182,0.32165,0.37409,0.35964,1.40185,1.40185,0.0,1.0,2.0,2.0
clean_combined,random_uniform,POU5F1::SOX2,0.0,0.6434,0.11111,0.5,0.05,0.26903,0.32275,0.28606,1.094,1.094,0.0,0.69231,4.0,-4.0
clean_combined,random_uniform,POU5F1B,0.0,0.57094,0.38889,0.5,0.13942,0.31501,0.36871,0.38189,1.43754,1.43754,0.0,0.90909,1.0,-1.0
clean_combined,random_uniform,POU5F1P1,0.0,0.61259,0.34603,0.5,0.1234,0.29273,0.3475,0.35097,1.30822,1.30822,0.0,0.73783,3.9,-3.5
clean_combined,random_uniform,POU6F1,0.0,0.55735,0.42857,0.5,0.15,0.32506,0.38054,0.39361,1.49356,1.49356,0.0,1.0,2.0,2.0
clean_combined,random_uniform,POU6F2,0.0,0.59802,0.39853,0.5,0.14189,0.30055,0.35637,0.36532,1.36523,1.36523,0.0,0.92857,2.28571,0.28571
clean_combined,random_uniform,SKN-1,0.0,0.58706,0.5,0.5,0.16667,0.30238,0.3606,0.37704,1.39591,1.39591,0.0,1.0,4.0,4.0
clean_combined,random_uniform,SP3,0.0,0.63917,0.03788,0.5,0.01648,0.26945,0.32632,0.3026,1.13795,1.13795,0.0,0.93197,2.42857,0.14286
clean_combined,random_uniform,SP5,0.0,0.65746,0.05556,0.5,0.02564,0.26069,0.31019,0.30049,1.12298,1.12298,0.0,0.81494,6.0,-2.0
clean_combined,random_uniform,SP7,0.0,0.65766,0.33333,0.5,0.125,0.25523,0.30288,0.25376,0.97218,0.97218,0.0,0.92308,1.0,-1.0
clean_combined,random_uniform,SPDEF,0.0,0.63297,0.2,0.5,0.08333,0.28002,0.34155,0.33564,1.2472,1.2472,0.0,1.0,4.0,4.0
clean_combined,random_uniform,THRA,0.0,0.64125,0.21062,0.5,0.0858,0.26762,0.3247,0.29627,1.1251,1.1251,0.0,0.91772,3.0,0.14286
clean_combined,random_uniform,THRB,0.0,0.627,0.2,0.5,0.08333,0.27508,0.33562,0.31715,1.19238,1.19238,0.0,0.83333,3.0,-3.0
clean_combined,random_uniform,TP53,0.0,0.65322,0.25,0.5,0.1,0.26149,0.30889,0.27305,1.02982,1.02982,0.0,0.66667,6.0,-6.0
clean_combined,random_uniform,TP63,0.0,0.61497,0.33333,0.5,0.125,0.28626,0.34301,0.3548,1.29985,1.29985,0.0,0.66667,6.0,-6.0
clean_combined,random_uniform,TP73,0.0,0.67399,0.25,0.5,0.1,0.24607,0.31167,0.27866,1.04208,1.04208,0.0,0.75,4.0,-4.0
clean_combined,random_uniform,ZBTB40,0.0,0.57506,0.5,0.5,0.1665,0.31393,0.37106,0.37049,1.41311,1.41311,0.0,0.875,2.5,-2.5
clean_combined,random_train_pwm,CLOCK,0.50644,0.61436,0.68036,0.78917,0.36964,0.26883,0.41063,0.41649,3.53187,0.99679,0.26191,0.55556,1.0,1.0
clean_combined,random_train_pwm,EHF,0.52009,0.67784,0.60068,0.76619,0.5091,0.22507,0.35776,0.31585,3.1476,0.74706,0.31991,0.91241,4.14286,4.14286
clean_combined,random_train_pwm,ELF1,0.23909,0.50467,0.44444,0.53269,0.30952,0.3172,0.43697,0.47257,6.4765,1.14456,0.19562,0.81818,3.0,3.0
clean_combined,random_train_pwm,ELF2,0.4276,0.62685,0.52222,0.74671,0.37083,0.26727,0.38107,0.38183,6.22287,0.94962,0.18555,0.5,4.0,4.0
clean_combined,random_train_pwm,ELF3,0.2893,0.58662,0.36364,0.75521,0.39167,0.28045,0.37808,0.35302,1.45013,0.9659,0.2893,1.0,3.0,3.0
clean_combined,random_train_pwm,ELF4,0.44247,0.64549,0.54921,0.71377,0.37535,0.23551,0.36873,0.34072,3.88214,0.72133,0.21315,0.81326,3.0,3.0
clean_combined,random_train_pwm,ELF5,0.43316,0.63689,0.56257,0.69911,0.40032,0.24367,0.37375,0.34518,2.57485,0.77147,0.22248,0.73049,3.72727,3.72727
clean_combined,random_train_pwm,ELK1,0.63435,0.71867,0.75,0.79167,0.66667,0.23309,0.3591,0.33687,2.92998,1.0024,0.22761,1.0,5.0,5.0
clean_combined,random_train_pwm,ELK3,0.52472,0.68279,0.61937,0.75918,0.49,0.21942,0.34971,0.32154,4.35604,0.74712,0.28989,0.81944,4.4,4.4
clean_combined,random_train_pwm,ELK4,0.46436,0.67426,0.57411,0.76508,0.41756,0.21248,0.33766,0.28772,1.81855,0.71893,0.42897,0.875,6.0,6.0
clean_combined,random_train_pwm,ERF,0.51431,0.70456,0.57143,0.83438,0.44583,0.18751,0.3302,0.25626,1.36091,0.49126,0.45089,1.0,7.0,7.0
clean_combined,random_train_pwm,ERG,0.34597,0.59974,0.5,0.66643,0.34444,0.26513,0.39831,0.38209,3.67391,0.80425,0.14402,0.7,4.0,4.0
clean_combined,random_train_pwm,ETS1,0.46887,0.64025,0.62931,0.72142,0.46619,0.24025,0.37407,0.35321,4.11916,0.73151,0.26616,0.8,5.0,5.0
clean_combined,random_train_pwm,ETS2,0.35412,0.56333,0.5,0.69658,0.52381,0.27866,0.41744,0.42508,3.97604,0.8707,0.21391,0.9,4.0,4.0
clean_combined,random_train_pwm,ETV1,0.49073,0.68702,0.55556,0.77366,0.45238,0.23102,0.32614,0.29728,1.3758,0.95958,0.39712,1.0,5.0,5.0
clean_combined,random_train_pwm,ETV2,0.43403,0.64239,0.56461,0.7059,0.45395,0.2444,0.37332,0.34909,3.76229,0.75376,0.2836,0.84933,4.14286,4.14286
clean_combined,random_train_pwm,ETV3,0.38966,0.6087,0.55902,0.68837,0.44974,0.25815,0.38734,0.38316,5.61273,0.75062,0.25393,0.79628,3.85714,0.42857
clean_combined,random_train_pwm,ETV4,0.33633,0.58421,0.33333,0.69444,0.2,0.25398,0.40616,0.3602,5.48073,0.57037,0.25225,0.75,6.0,6.0
clean_combined,random_train_pwm,ETV5,0.37533,0.60558,0.42857,0.61696,0.24286,0.26769,0.39785,0.36842,2.26595,0.8994,0.0943,0.55556,5.0,5.0
clean_combined,random_train_pwm,ETV6,0.48376,0.64911,0.62857,0.76623,0.46389,0.23667,0.38869,0.35756,4.19263,0.77912,0.21493,0.8,4.0,4.0
clean_combined,random_train_pwm,ETV7,0.35691,0.60799,0.50625,0.68436,0.42433,0.25384,0.38324,0.36523,3.87647,0.72292,0.29837,0.73727,3.0,2.5
clean_combined,random_train_pwm,EWSR1-FLI1,0.26339,0.49033,0.45455,0.6281,0.29286,0.2967,0.45681,0.47286,2.95115,0.76229,0.11925,0.5,4.0,-4.0
clean_combined,random_train_pwm,FEV,0.34267,0.58542,0.44444,0.68313,0.26667,0.26326,0.39517,0.38087,1.96395,0.6645,0.28575,0.44444,5.0,5.0
clean_combined,random_train_pwm,FLI1,0.48924,0.66802,0.61048,0.72993,0.5106,0.22927,0.36013,0.33103,4.13687,0.71866,0.3384,0.77,4.0,4.0
clean_combined,random_train_pwm,FOXA1,0.43761,0.64994,0.49167,0.71704,0.33998,0.23751,0.34698,0.30576,2.37371,0.72578,0.34225,0.6,1.0,-1.0
clean_combined,random_train_pwm,FOXA2,0.55296,0.70502,0.55185,0.71767,0.55,0.22049,0.3376,0.29317,2.54872,0.68069,0.46815,0.83333,1.0,-1.0
clean_combined,random_train_pwm,FOXA3,0.38177,0.60184,0.5,0.7208,0.375,0.2469,0.39774,0.40166,5.30072,0.72859,0.27081,0.8,1.0,-1.0
clean_combined,random_train_pwm,FOXB1,0.37782,0.63263,0.53157,0.70848,0.40279,0.24046,0.37097,0.34565,4.84174,0.76611,0.19976,0.52363,5.25,-5.0
clean_combined,random_train_pwm,FOXC1,0.42592,0.64662,0.53009,0.71196,0.3831,0.23654,0.35569,0.32295,2.54147,0.71728,0.31509,0.57313,2.4,-0.8
clean_combined,random_train_pwm,FOXC2,0.44715,0.64299,0.59802,0.70838,0.36672,0.23789,0.38224,0.35915,4.7119,0.73915,0.26394,0.7,3.0,-3.0
clean_combined,random_train_pwm,FOXD1,0.71939,0.73414,0.83333,0.82407,0.86667,0.19617,0.33824,0.26735,5.08622,0.74475,0.61662,0.85714,2.0,2.0
clean_combined,random_train_pwm,FOXD2,0.39388,0.66342,0.54268,0.69275,0.41872,0.22757,0.33172,0.29447,1.99484,0.62712,0.27904,0.65083,3.1,-2.7
clean_combined,random_train_pwm,FOXD3,0.29759,0.63797,0.4375,0.63733,0.39167,0.25027,0.34489,0.31269,1.41743,0.77396,0.26348,0.5,9.0,-9.0
clean_combined,random_train_pwm,FOXE1,0.48184,0.66461,0.6119,0.74186,0.33582,0.2366,0.35418,0.33111,2.65119,0.77874,0.22232,0.53999,3.66667,-3.0
clean_combined,random_train_pwm,FOXF1,0.52402,0.63314,0.57143,0.78125,0.51786,0.24933,0.38526,0.34465,1.57888,0.85266,0.52402,1.0,2.0,2.0
clean_combined,random_train_pwm,FOXF2,0.54851,0.64606,0.66667,0.7037,0.22222,0.28099,0.40987,0.41521,6.51122,1.22147,0.28919,1.0,0.0,0.0
clean_combined,random_train_pwm,FOXG1,0.54423,0.68847,0.71429,0.65789,0.58929,0.20503,0.35794,0.31812,5.65137,0.55499,0.54423,1.0,2.0,2.0
clean_combined,random_train_pwm,FOXI1,0.48594,0.67424,0.55969,0.75624,0.43869,0.22272,0.35172,0.31757,2.7729,0.69839,0.34841,0.67912,3.2,-2.0
clean_combined,random_train_pwm,FOXJ1,0.26645,0.51379,0.42857,0.61905,0.25,0.29271,0.45198,0.45439,2.90401,0.83014,0.31381,0.85714,2.0,2.0
clean_combined,random_train_pwm,FOXJ2,0.45318,0.64121,0.62008,0.6877,0.48033,0.23168,0.37712,0.35786,3.96978,0.62021,0.25105,0.6205,2.72727,-2.36364
clean_combined,random_train_pwm,FOXJ3,0.51254,0.68222,0.62504,0.73306,0.42608,0.21256,0.35111,0.29961,3.13961,0.54921,0.28452,0.63802,2.22222,-1.77778
clean_combined,random_train_pwm,FOXK1,0.43297,0.63695,0.55026,0.74439,0.52817,0.2323,0.37431,0.32118,2.51494,0.60208,0.3489,0.81481,0.0,0.0
clean_combined,random_train_pwm,FOXK2,0.44427,0.67247,0.57778,0.78182,0.475,0.22528,0.3571,0.32731,4.98106,0.73065,0.30536,0.72222,0.0,0.0
clean_combined,random_train_pwm,FOXL1,0.38483,0.63887,0.58519,0.67384,0.31603,0.23351,0.35236,0.31615,1.86903,0.67642,0.23028,0.53312,2.8,-1.2
clean_combined,random_train_pwm,FOXL2,0.22374,0.6197,0.50556,0.66259,0.36372,0.25238,0.33277,0.30303,4.23836,0.64728,0.2351,0.6,1.0,-1.0
clean_combined,random_train_pwm,FOXM1,0.57951,0.73578,0.67143,0.74862,0.42833,0.20905,0.31165,0.25904,3.11161,0.69308,0.32909,0.66667,1.0,-1.0
clean_combined,random_train_pwm,FOXN2,0.4487,0.65645,0.5,0.8,0.35417,0.2238,0.35655,0.28706,1.40194,0.55086,0.29902,0.6,5.0,-1.0
clean_combined,random_train_pwm,FOXN3,0.5703,0.66726,0.69524,0.73288,0.34458,0.20685,0.39141,0.3335,4.57518,0.51617,0.43445,0.83333,1.0,1.0
clean_combined,random_train_pwm,FOXO1,0.53301,0.69581,0.65844,0.77178,0.46073,0.21696,0.33457,0.2892,2.81835,0.72966,0.453,0.74026,2.0,2.0
clean_combined,random_train_pwm,FOXO3,0.35983,0.6208,0.58333,0.71598,0.62143,0.25484,0.38014,0.37096,2.34699,0.88513,0.36929,0.75,1.0,1.0
clean_combined,random_train_pwm,FOXO4,0.53479,0.67741,0.625,0.66136,0.58333,0.23309,0.35847,0.31758,3.94478,0.91357,0.53479,1.0,1.0,1.0
clean_combined,random_train_pwm,FOXO6,0.41584,0.59029,0.55607,0.70219,0.43151,0.25561,0.42043,0.39477,3.79118,0.6136,0.25243,0.72857,3.0,-1.0
clean_combined,random_train_pwm,FOXP1,0.50904,0.70171,0.64397,0.76396,0.44111,0.20042,0.32143,0.26921,2.4881,0.58194,0.3574,0.68717,4.33333,-2.0
clean_combined,random_train_pwm,FOXP2,0.50436,0.69088,0.65873,0.76883,0.5377,0.19845,0.34073,0.29415,4.3525,0.54579,0.42026,0.80952,2.0,2.0
clean_combined,random_train_pwm,FOXP3,0.3469,0.62566,0.49302,0.63678,0.35348,0.25131,0.36323,0.32055,3.00074,0.74392,0.27703,0.67251,0.0,0.0
clean_combined,random_train_pwm,FOXP4,0.38111,0.59156,0.57143,0.64966,0.51667,0.22619,0.39671,0.34822,2.2111,0.36107,0.18178,0.57143,2.0,2.0
clean_combined,random_train_pwm,FOXS1,0.50085,0.65938,0.66667,0.74537,0.38095,0.20383,0.37063,0.29695,2.09351,0.4334,0.33909,0.375,1.0,1.0
clean_combined,random_train_pwm,GABPA,0.37344,0.56272,0.55556,0.66872,0.49167,0.26588,0.43234,0.43684,2.92967,0.64133,0.37344,1.0,5.0,5.0
clean_combined,random_train_pwm,GCN4,0.3957,0.60639,0.53185,0.70364,0.48854,0.25097,0.39272,0.37459,3.14984,0.71442,0.32001,0.83929,5.0,5.0
clean_combined,random_train_pwm,KLF14,0.44296,0.64653,0.48514,0.74073,0.26234,0.2498,0.35774,0.32115,2.97604,0.80288,0.21142,0.73681,2.42857,-0.42857
clean_combined,random_train_pwm,KLF2,0.46705,0.67373,0.625,0.75276,0.32292,0.21621,0.34385,0.30298,3.42176,0.65699,0.29327,0.67014,3.75,3.75
clean_combined,random_train_pwm,NFE2,0.37711,0.58056,0.51062,0.67405,0.44646,0.26182,0.41476,0.40647,5.26483,0.63867,0.249,0.82015,1.90909,1.18182
clean_combined,random_train_pwm,NFE2L1,0.13062,0.39807,0.2,0.64,0.09091,0.32874,0.50613,0.53803,3.27922,0.44043,0.0933,0.78571,2.0,-2.0
clean_combined,random_train_pwm,NFE2L2,0.46901,0.6408,0.61286,0.74994,0.58865,0.22358,0.37634,0.33375,2.76921,0.54948,0.27167,0.72857,2.0,-2.0
clean_combined,random_train_pwm,NPAS2,0.35082,0.63835,0.45,0.72773,0.41382,0.23079,0.34622,0.32003,3.10202,0.70239,0.29332,0.77778,4.0,-2.4
clean_combined,random_train_pwm,P53,0.40057,0.63358,0.53602,0.68902,0.45774,0.24279,0.36082,0.32732,3.80517,0.65392,0.20882,0.63346,2.0,-2.0
clean_combined,random_train_pwm,POU1F1,0.34145,0.57978,0.44138,0.69613,0.35943,0.26154,0.39933,0.37619,2.82685,0.74138,0.19017,0.58333,5.0,-5.0
clean_combined,random_train_pwm,POU2F1,0.48583,0.66439,0.64887,0.74145,0.61687,0.22467,0.3481,0.30995,2.14599,0.67449,0.36358,0.8254,0.0,0.0
clean_combined,random_train_pwm,POU2F1::SOX2,0.38508,0.61684,0.45455,0.66905,0.43611,0.23797,0.38846,0.35257,7.63133,0.58016,0.20055,0.52941,8.0,-8.0
clean_combined,random_train_pwm,POU2F2,0.4107,0.59843,0.53333,0.69086,0.4752,0.24819,0.39835,0.393,5.28234,0.53791,0.28745,0.58974,4.0,-4.0
clean_combined,random_train_pwm,POU2F3,0.46777,0.6529,0.62269,0.73426,0.48472,0.21659,0.37365,0.31266,2.41676,0.55945,0.28826,0.7963,0.0,0.0
clean_combined,random_train_pwm,POU3F1,0.53043,0.71115,0.7,0.75214,0.74702,0.22935,0.32783,0.2956,4.38693,0.89268,0.45345,0.9,1.0,-1.0
clean_combined,random_train_pwm,POU3F2,0.25944,0.54884,0.375,0.65455,0.45,0.25248,0.39212,0.36049,1.98505,0.51994,0.17296,0.66667,3.0,-3.0
clean_combined,random_train_pwm,POU3F3,0.43154,0.65638,0.51871,0.73736,0.43044,0.23605,0.35064,0.31007,3.27673,0.73761,0.2759,0.6511,2.57143,-1.71429
clean_combined,random_train_pwm,POU3F4,0.46673,0.67408,0.54541,0.76081,0.3809,0.22167,0.34125,0.29823,3.26284,0.72695,0.30461,0.56386,2.30769,-2.30769
clean_combined,random_train_pwm,POU4F1,0.3906,0.62719,0.50872,0.66713,0.42669,0.24059,0.3675,0.33717,3.00877,0.58466,0.31539,0.69139,3.14286,-2.85714
clean_combined,random_train_pwm,POU4F2,0.58447,0.70745,0.68056,0.76563,0.53125,0.22758,0.33264,0.30129,2.8391,0.85144,0.28853,0.54821,5.0,-5.0
clean_combined,random_train_pwm,POU4F3,0.42308,0.66094,0.5059,0.6903,0.34628,0.23315,0.33653,0.30606,3.44045,0.79507,0.26503,0.6315,3.41667,-2.91667
clean_combined,random_train_pwm,POU5F1,0.56238,0.69682,0.69643,0.78932,0.42884,0.20721,0.34431,0.28793,4.65044,0.62882,0.38307,0.78571,2.0,2.0
clean_combined,random_train_pwm,POU5F1::SOX2,0.43298,0.6315,0.56667,0.69416,0.48661,0.25558,0.36781,0.34599,4.84379,0.7678,0.21703,0.57692,4.0,-4.0
clean_combined,random_train_pwm,POU5F1B,0.50302,0.67163,0.63333,0.79068,0.57917,0.19925,0.36255,0.30339,2.94795,0.27971,0.35767,0.69697,1.0,-1.0
clean_combined,random_train_pwm,POU5F1P1,0.3936,0.60517,0.55619,0.70304,0.41848,0.24083,0.37536,0.3417,2.37018,0.57558,0.24441,0.61665,3.9,-3.5
clean_combined,random_train_pwm,POU6F1,0.59724,0.73358,0.69246,0.83413,0.40278,0.17962,0.31667,0.26015,1.96586,0.5086,0.47232,0.7381,2.0,2.0
clean_combined,random_train_pwm,POU6F2,0.4533,0.62932,0.57381,0.72558,0.39444,0.24472,0.38791,0.3647,4.26783,0.6856,0.34631,0.77364,2.28571,0.28571
clean_combined,random_train_pwm,SKN-1,0.27491,0.51943,0.5,0.62319,0.30952,0.26983,0.44058,0.43216,2.68452,0.41758,0.22696,0.625,4.0,4.0
clean_combined,random_train_pwm,SP3,0.29299,0.53876,0.49762,0.57032,0.31667,0.30554,0.41726,0.44225,6.99696,0.97739,0.12652,0.56854,2.42857,0.14286
clean_combined,random_train_pwm,SP5,0.4189,0.65923,0.4594,0.73244,0.30397,0.24134,0.35989,0.32795,4.11118,0.76996,0.26933,0.67819,6.0,-2.0
clean_combined,random_train_pwm,SP7,0.65739,0.92212,0.85714,0.92398,0.46429,0.09801,0.13132,0.08419,0.34558,0.38067,0.35398,0.53846,1.0,-1.0
clean_combined,random_train_pwm,SPDEF,0.52639,0.69318,0.5,0.80672,0.325,0.20372,0.36173,0.29494,5.16559,0.52669,0.31583,0.6,4.0,4.0
clean_combined,random_train_pwm,THRA,0.45405,0.66837,0.53846,0.72085,0.45431,0.22424,0.34975,0.29316,2.88311,0.69782,0.25361,0.67043,3.0,0.14286
clean_combined,random_train_pwm,THRB,0.47331,0.68853,0.60629,0.7117,0.5594,0.22639,0.33066,0.29197,2.78898,0.83983,0.23347,0.75556,3.0,-3.0
clean_combined,random_train_pwm,TP53,0.46725,0.67932,0.57049,0.70056,0.38082,0.21434,0.33412,0.28069,4.39169,0.5839,0.18121,0.45833,6.0,-6.0
clean_combined,random_train_pwm,TP63,0.34889,0.57762,0.46173,0.65205,0.37377,0.26045,0.41329,0.40458,5.44652,0.57507,0.20342,0.61111,6.0,-6.0
clean_combined,random_train_pwm,TP73,0.3689,0.64078,0.47327,0.67258,0.43797,0.24266,0.35802,0.33204,5.24977,0.79038,0.18585,0.60714,4.0,-4.0
clean_combined,random_train_pwm,ZBTB40,0.51095,0.66241,0.69048,0.72386,0.55208,0.21289,0.38146,0.35533,2.89611,0.61073,0.234,0.74167,2.5,-2.5
clean_combined,B0_global,CLOCK,0.40199,0.55392,0.66667,0.69444,0.38095,0.3401,0.40169,0.46553,1.70648,1.7385,0.18633,0.55556,1.0,1.0
clean_combined,B0_global,EHF,0.62114,0.61629,0.80272,0.85208,0.59286,0.30815,0.36486,0.37852,1.38509,1.5182,0.33322,0.59885,4.14286,4.14286
clean_combined,B0_global,ELF1,0.5551,0.63317,0.71429,0.75625,0.53333,0.29617,0.35569,0.36378,1.3257,1.43915,0.35325,0.63636,3.0,3.0
clean_combined,B0_global,ELF2,0.52638,0.6546,0.625,0.84375,0.47619,0.27823,0.34122,0.32922,1.21079,1.31201,0.42111,0.8,4.0,4.0
clean_combined,B0_global,ELF3,0.69565,0.60912,0.85714,0.8875,0.61667,0.31848,0.37616,0.41477,1.49638,1.64251,0.44269,0.63636,3.0,3.0
clean_combined,B0_global,ELF4,0.6483,0.61183,0.77976,0.88089,0.575,0.31597,0.37427,0.40288,1.4659,1.60062,0.36304,0.58902,3.0,3.0
clean_combined,B0_global,ELF5,0.63462,0.61092,0.83247,0.87917,0.60152,0.31237,0.36992,0.39369,1.43281,1.56559,0.24988,0.49495,3.72727,3.72727
clean_combined,B0_global,ELK1,0.63782,0.58903,0.83333,0.87963,0.61667,0.32957,0.38464,0.42215,1.53887,1.67945,0.27665,0.55556,5.0,5.0
clean_combined,B0_global,ELK3,0.56343,0.61102,0.77576,0.84368,0.58667,0.30737,0.36324,0.37727,1.38282,1.49711,0.26686,0.56944,4.4,4.4
clean_combined,B0_global,ELK4,0.57087,0.6494,0.83333,0.71094,0.61667,0.28578,0.34252,0.35556,1.27119,1.38627,0.29593,0.625,6.0,6.0
clean_combined,B0_global,ERF,0.58211,0.64404,0.83333,0.80672,0.61667,0.29138,0.34243,0.337,1.23293,1.35381,0.32574,0.71429,7.0,7.0
clean_combined,B0_global,ERG,0.55459,0.6347,0.71429,0.75625,0.53333,0.2923,0.34993,0.36028,1.30424,1.42039,0.38821,0.7,4.0,4.0
clean_combined,B0_global,ETS1,0.5964,0.62955,0.83333,0.80672,0.61667,0.29381,0.35035,0.37216,1.33376,1.45359,0.25785,0.55556,5.0,5.0
clean_combined,B0_global,ETS2,0.55985,0.64726,0.71429,0.85034,0.53333,0.28302,0.34187,0.3241,1.20158,1.31378,0.3919,0.7,4.0,4.0
clean_combined,B0_global,ETV1,0.6052,0.62763,0.83333,0.87963,0.61667,0.29496,0.35365,0.37302,1.3422,1.46132,0.26569,0.55556,5.0,5.0
clean_combined,B0_global,ETV2,0.61298,0.65197,0.77704,0.79377,0.58469,0.28497,0.33868,0.3545,1.26317,1.3828,0.33207,0.64762,4.14286,4.14286
clean_combined,B0_global,ETV3,0.43477,0.63363,0.64242,0.7299,0.54201,0.28654,0.34173,0.35641,1.28527,1.36591,0.21915,0.66309,3.85714,0.42857
clean_combined,B0_global,ETV4,0.60808,0.63705,0.83333,0.87963,0.61667,0.29009,0.351,0.3572,1.29899,1.41772,0.28289,0.625,6.0,6.0
clean_combined,B0_global,ETV5,0.56474,0.63877,0.83333,0.70312,0.61667,0.2939,0.34648,0.36352,1.30671,1.40923,0.25654,0.55556,5.0,5.0
clean_combined,B0_global,ETV6,0.56274,0.62628,0.71429,0.85034,0.53333,0.29698,0.3539,0.34197,1.27656,1.38922,0.39392,0.7,4.0,4.0
clean_combined,B0_global,ETV7,0.46711,0.6368,0.66815,0.75528,0.52991,0.28946,0.34442,0.34162,1.25738,1.34771,0.30944,0.72438,3.0,2.5
clean_combined,B0_global,EWSR1-FLI1,0.48425,0.55828,0.6,0.82,0.325,0.34718,0.402,0.45095,1.66539,1.76964,0.26903,0.55556,4.0,-4.0
clean_combined,B0_global,FEV,0.61682,0.60185,0.83333,0.87963,0.61667,0.31559,0.37304,0.41519,1.48961,1.62234,0.26991,0.55556,5.0,5.0
clean_combined,B0_global,FLI1,0.54661,0.63795,0.71429,0.7875,0.53333,0.28984,0.34649,0.35294,1.27793,1.39293,0.38262,0.7,4.0,4.0
clean_combined,B0_global,FOXA1,0.65075,0.77728,0.6,0.9375,0.36667,0.18628,0.22744,0.15654,0.58509,0.62777,0.40515,0.8,1.0,-1.0
clean_combined,B0_global,FOXA2,0.66785,0.71537,0.4,0.9375,0.25,0.23588,0.27705,0.25301,0.90636,0.96259,0.40646,0.8,1.0,-1.0
clean_combined,B0_global,FOXA3,0.68489,0.74364,0.6,0.9375,0.36667,0.21558,0.25927,0.21876,0.7876,0.83765,0.41281,0.8,1.0,-1.0
clean_combined,B0_global,FOXB1,0.38339,0.63019,0.53639,0.69096,0.40345,0.28892,0.34211,0.33537,1.2429,1.31206,0.28303,0.61461,5.25,-5.0
clean_combined,B0_global,FOXC1,0.46757,0.6715,0.57401,0.75681,0.35396,0.25998,0.31128,0.2926,1.0694,1.14232,0.41403,0.79716,2.4,-0.8
clean_combined,B0_global,FOXC2,0.3816,0.62515,0.66667,0.67636,0.39394,0.29723,0.35114,0.36632,1.33419,1.40261,0.36085,0.66667,3.0,-3.0
clean_combined,B0_global,FOXD1,0.37909,0.56518,0.57143,0.72109,0.38095,0.33677,0.39081,0.42748,1.58204,1.66602,0.38709,0.71429,2.0,2.0
clean_combined,B0_global,FOXD2,0.40822,0.66663,0.53679,0.71227,0.35985,0.26014,0.30987,0.29328,1.07006,1.12416,0.30774,0.64467,3.1,-2.7
clean_combined,B0_global,FOXD3,0.40086,0.66519,0.5,0.68691,0.49747,0.26695,0.32397,0.32113,1.16065,1.21546,0.22878,0.5,9.0,-9.0
clean_combined,B0_global,FOXE1,0.45631,0.67077,0.52037,0.7364,0.32404,0.25948,0.3126,0.3012,1.09161,1.15438,0.31947,0.6801,3.66667,-3.0
clean_combined,B0_global,FOXF1,0.46431,0.58056,0.71429,0.75625,0.36667,0.33173,0.38738,0.42524,1.57139,1.6531,0.36994,0.85714,2.0,2.0
clean_combined,B0_global,FOXF2,0.38774,0.5887,0.625,0.71498,0.38889,0.3208,0.38099,0.43416,1.56655,1.6425,0.34466,0.88889,0.0,0.0
clean_combined,B0_global,FOXG1,0.30379,0.63619,0.42857,0.60819,0.43333,0.27448,0.34321,0.33998,1.25937,1.27436,0.24889,1.0,2.0,2.0
clean_combined,B0_global,FOXI1,0.39126,0.62295,0.58431,0.71635,0.41933,0.29239,0.34835,0.35105,1.29755,1.35834,0.29387,0.74135,3.2,-2.0
clean_combined,B0_global,FOXJ1,0.41515,0.58827,0.71429,0.73469,0.22727,0.32049,0.37789,0.39853,1.48027,1.55418,0.41515,1.0,2.0,2.0
clean_combined,B0_global,FOXJ2,0.36101,0.62763,0.50718,0.71681,0.33083,0.28889,0.34392,0.35274,1.29135,1.34783,0.30878,0.71689,2.72727,-2.36364
clean_combined,B0_global,FOXJ3,0.32609,0.60983,0.46473,0.7134,0.26152,0.30002,0.35528,0.36608,1.35168,1.40808,0.29345,0.80576,2.22222,-1.77778
clean_combined,B0_global,FOXK1,0.40334,0.65446,0.66667,0.69455,0.55,0.26622,0.32942,0.31291,1.15721,1.19724,0.38997,0.77778,0.0,0.0
clean_combined,B0_global,FOXK2,0.42287,0.6702,0.55556,0.71273,0.325,0.25671,0.32031,0.29163,1.0877,1.14463,0.42287,1.0,0.0,0.0
clean_combined,B0_global,FOXL1,0.38547,0.62526,0.5213,0.75181,0.27776,0.29195,0.34667,0.35168,1.29091,1.36193,0.36125,0.81126,2.8,-1.2
clean_combined,B0_global,FOXL2,0.44621,0.65516,0.7,0.77743,0.55833,0.2683,0.32678,0.30247,1.12717,1.18061,0.34289,0.7,1.0,-1.0
clean_combined,B0_global,FOXM1,0.58441,0.76995,0.8,0.86869,0.5,0.19421,0.21977,0.16754,0.60522,0.6503,0.39591,0.8,1.0,-1.0
clean_combined,B0_global,FOXN2,0.41347,0.67336,0.47727,0.74174,0.4375,0.25332,0.30785,0.27214,1.02769,1.073,0.2309,0.5,5.0,-1.0
clean_combined,B0_global,FOXN3,0.39955,0.5476,0.625,0.74479,0.38889,0.3521,0.40737,0.44898,1.68659,1.76907,0.39955,1.0,1.0,1.0
clean_combined,B0_global,FOXO1,0.39315,0.62162,0.57143,0.72109,0.38095,0.28862,0.34722,0.33999,1.27003,1.33265,0.39315,1.0,2.0,2.0
clean_combined,B0_global,FOXO3,0.3992,0.62548,0.625,0.75362,0.38889,0.29237,0.35124,0.35228,1.30349,1.36809,0.3992,1.0,1.0,1.0
clean_combined,B0_global,FOXO4,0.32716,0.65773,0.625,0.65909,0.38889,0.26798,0.32839,0.3103,1.14951,1.1953,0.32716,1.0,1.0,1.0
clean_combined,B0_global,FOXO6,0.41402,0.58705,0.5969,0.7506,0.38766,0.31959,0.37609,0.39994,1.48037,1.55893,0.31654,0.8,3.0,-1.0
clean_combined,B0_global,FOXP1,0.37606,0.64301,0.54481,0.71205,0.36573,0.27731,0.3326,0.31914,1.19162,1.25198,0.34172,0.83482,4.33333,-2.0
clean_combined,B0_global,FOXP2,0.36175,0.6106,0.57143,0.72109,0.38095,0.29377,0.34884,0.33424,1.2627,1.31942,0.36175,1.0,2.0,2.0
clean_combined,B0_global,FOXP3,0.34962,0.70935,0.66667,0.76254,0.39394,0.23404,0.29438,0.23806,0.90402,0.95039,0.34962,1.0,0.0,0.0
clean_combined,B0_global,FOXP4,0.3918,0.5954,0.57143,0.72109,0.38095,0.30941,0.35959,0.32579,1.27328,1.34637,0.3918,1.0,2.0,2.0
clean_combined,B0_global,FOXS1,0.35186,0.59148,0.625,0.71875,0.5375,0.30703,0.36167,0.33403,1.29969,1.33995,0.34054,0.875,1.0,1.0
clean_combined,B0_global,GABPA,0.63262,0.59205,0.83333,0.87963,0.61667,0.32636,0.38254,0.42832,1.54567,1.68383,0.26957,0.55556,5.0,5.0
clean_combined,B0_global,GCN4,0.62785,0.57319,0.6,0.85714,0.54167,0.32916,0.38339,0.4309,1.5716,1.64172,0.44847,0.71429,5.0,5.0
clean_combined,B0_global,KLF14,0.2574,0.65596,0.24874,0.64026,0.18918,0.26416,0.31836,0.29925,1.11603,1.13296,0.22448,0.88731,2.42857,-0.42857
clean_combined,B0_global,KLF2,0.27347,0.62935,0.38125,0.64434,0.28542,0.282,0.33763,0.3161,1.19058,1.21509,0.22911,0.88889,3.75,3.75
clean_combined,B0_global,NFE2,0.62991,0.60782,0.61059,0.86882,0.52587,0.30725,0.36296,0.38838,1.41651,1.49793,0.37895,0.60791,1.90909,1.18182
clean_combined,B0_global,NFE2L1,0.66731,0.57472,0.66667,0.91667,0.58333,0.32924,0.38618,0.43419,1.58398,1.67442,0.28599,0.42857,2.0,-2.0
clean_combined,B0_global,NFE2L2,0.66876,0.59268,0.66667,0.90756,0.58333,0.31451,0.37221,0.39244,1.451,1.53512,0.28661,0.42857,2.0,-2.0
clean_combined,B0_global,NPAS2,0.31386,0.66055,0.48667,0.67949,0.38262,0.26398,0.32749,0.3274,1.19827,1.21454,0.14276,0.53889,4.0,-2.4
clean_combined,B0_global,P53,0.22132,0.65249,0.33333,0.55273,0.33333,0.26295,0.3068,0.26199,0.99935,1.01052,0.14228,0.64286,2.0,-2.0
clean_combined,B0_global,POU1F1,0.53793,0.64288,0.625,0.83182,0.4375,0.2926,0.34026,0.33769,1.23598,1.3588,0.30739,0.57143,5.0,-5.0
clean_combined,B0_global,POU2F1,0.30933,0.61972,0.44444,0.71923,0.26786,0.29023,0.34145,0.31946,1.21108,1.2746,0.32451,0.66667,0.0,0.0
clean_combined,B0_global,POU2F1::SOX2,0.33087,0.64094,0.58333,0.68359,0.45,0.27921,0.3308,0.30759,1.14994,1.21298,0.21783,0.41176,8.0,-8.0
clean_combined,B0_global,POU2F2,0.54665,0.67393,0.625,0.82126,0.4375,0.26619,0.32255,0.30225,1.10509,1.219,0.3364,0.61538,4.0,-4.0
clean_combined,B0_global,POU2F3,0.41122,0.59856,0.5,0.75,0.41667,0.31481,0.36816,0.35957,1.36569,1.46156,0.27415,0.66667,0.0,0.0
clean_combined,B0_global,POU3F1,0.34966,0.63326,0.44444,0.74182,0.26786,0.28444,0.33503,0.30661,1.16509,1.23284,0.31603,0.6,1.0,-1.0
clean_combined,B0_global,POU3F2,0.59431,0.71323,0.71429,0.84795,0.46429,0.24276,0.29165,0.24683,0.90906,1.02858,0.34668,0.58333,3.0,-3.0
clean_combined,B0_global,POU3F3,0.4795,0.68302,0.59266,0.78254,0.37491,0.25578,0.3038,0.26484,0.9918,1.07447,0.41431,0.78852,2.57143,-1.71429
clean_combined,B0_global,POU3F4,0.47062,0.63847,0.52338,0.79541,0.34327,0.28919,0.34088,0.33777,1.24558,1.34523,0.36568,0.62218,2.30769,-2.30769
clean_combined,B0_global,POU4F1,0.45039,0.6741,0.53401,0.78107,0.43735,0.25978,0.31083,0.27101,1.01944,1.09782,0.43968,0.74313,3.14286,-2.85714
clean_combined,B0_global,POU4F2,0.51963,0.63918,0.52083,0.83005,0.37873,0.28616,0.33819,0.31407,1.18044,1.28545,0.37104,0.64821,5.0,-5.0
clean_combined,B0_global,POU4F3,0.41882,0.68219,0.48891,0.75909,0.38009,0.25532,0.31034,0.27712,1.02897,1.10854,0.42186,0.73389,3.41667,-2.91667
clean_combined,B0_global,POU5F1,0.44613,0.59779,0.71429,0.7483,0.38889,0.31124,0.36157,0.33815,1.30095,1.39359,0.35171,0.71429,2.0,2.0
clean_combined,B0_global,POU5F1::SOX2,0.33601,0.67678,0.6,0.60399,0.425,0.25128,0.30119,0.24831,0.9453,1.00406,0.21227,0.69231,4.0,-4.0
clean_combined,B0_global,POU5F1B,0.29229,0.60549,0.47222,0.72258,0.28323,0.30069,0.35474,0.35433,1.32605,1.3851,0.28971,0.60606,1.0,-1.0
clean_combined,B0_global,POU5F1P1,0.44077,0.66287,0.54389,0.77787,0.33623,0.272,0.32573,0.31204,1.14864,1.22851,0.31205,0.61684,3.9,-3.5
clean_combined,B0_global,POU6F1,0.60026,0.6158,0.57143,0.91156,0.33929,0.30922,0.36166,0.36085,1.3384,1.48437,0.60026,1.0,2.0,2.0
clean_combined,B0_global,POU6F2,0.63959,0.66365,0.65125,0.89532,0.37849,0.27854,0.33258,0.32652,1.18944,1.32986,0.59663,0.90317,2.28571,0.28571
clean_combined,B0_global,SKN-1,0.41702,0.62865,0.625,0.78261,0.36667,0.29052,0.34693,0.35439,1.28848,1.3874,0.41702,1.0,4.0,4.0
clean_combined,B0_global,SP3,0.23625,0.62858,0.23064,0.64408,0.22608,0.27876,0.33529,0.31674,1.19319,1.20654,0.21488,0.91412,2.42857,0.14286
clean_combined,B0_global,SP5,0.32419,0.67206,0.34091,0.72402,0.20977,0.25609,0.30685,0.29402,1.093,1.13103,0.25139,0.7893,6.0,-2.0
clean_combined,B0_global,SP7,0.57979,0.71034,0.63636,0.82381,0.41429,0.23934,0.28258,0.22621,0.84618,0.95456,0.49059,0.84615,1.0,-1.0
clean_combined,B0_global,SPDEF,0.21723,0.6407,0.3,0.5698,0.225,0.2768,0.33968,0.33196,1.23208,1.24013,0.21723,1.0,4.0,4.0
clean_combined,B0_global,THRA,0.32603,0.65615,0.40476,0.68651,0.36929,0.26446,0.31985,0.29083,1.09576,1.13253,0.2198,0.72419,3.0,0.14286
clean_combined,B0_global,THRB,0.24202,0.65486,0.41667,0.70378,0.33333,0.26059,0.32024,0.29473,1.09493,1.12581,0.15253,0.61111,3.0,-3.0
clean_combined,B0_global,TP53,0.53085,0.66415,0.75,0.81818,0.45,0.26114,0.31671,0.27128,1.03949,1.07931,0.11797,0.22222,6.0,-6.0
clean_combined,B0_global,TP63,0.22966,0.60969,0.33333,0.62626,0.38889,0.2947,0.35475,0.37545,1.37484,1.40015,0.15311,0.66667,6.0,-6.0
clean_combined,B0_global,TP73,0.38183,0.63825,0.5,0.78125,0.33333,0.28276,0.33306,0.33206,1.22727,1.2594,0.14318,0.375,4.0,-4.0
clean_combined,B0_global,ZBTB40,0.49381,0.62,0.70707,0.75686,0.46726,0.29814,0.35351,0.33931,1.277,1.35952,0.28415,0.75,2.5,-2.5
clean_combined,B0_family,CLOCK,0.5577,0.70612,0.66667,0.84231,0.65833,0.27291,0.34081,0.34567,1.20422,1.47756,0.5577,1.0,1.0,1.0
clean_combined,B0_family,EHF,0.70678,0.86147,0.78773,0.87877,0.67999,0.11342,0.18658,0.11426,0.5602,0.3659,0.70678,1.0,4.14286,4.14286
clean_combined,B0_family,ELF1,0.63335,0.82751,0.72727,0.79404,0.65972,0.13235,0.21638,0.13236,0.67261,0.43049,0.63335,1.0,3.0,3.0
clean_combined,B0_family,ELF2,0.71315,0.85379,0.7,0.9,0.61667,0.12109,0.20603,0.11591,0.53816,0.39562,0.71315,1.0,4.0,4.0
clean_combined,B0_family,ELF3,0.65478,0.84003,0.72727,0.85677,0.6375,0.12576,0.20319,0.1284,0.61563,0.47118,0.65478,1.0,3.0,3.0
clean_combined,B0_family,ELF4,0.6933,0.84385,0.76136,0.86423,0.64582,0.12759,0.21161,0.13526,0.6566,0.45051,0.6933,1.0,3.0,3.0
clean_combined,B0_family,ELF5,0.70126,0.87759,0.78705,0.87823,0.64901,0.11007,0.17141,0.10301,0.50198,0.39487,0.70126,1.0,3.72727,3.72727
clean_combined,B0_family,ELK1,0.68778,0.80428,0.77778,0.9177,0.67857,0.13948,0.26723,0.18617,0.8329,0.53856,0.68778,1.0,5.0,5.0
clean_combined,B0_family,ELK3,0.62948,0.77661,0.73651,0.87981,0.60952,0.1613,0.27296,0.20044,0.90812,0.53674,0.59522,0.91667,4.4,4.4
clean_combined,B0_family,ELK4,0.62352,0.77676,0.75,0.84545,0.66429,0.15661,0.27023,0.19388,0.92163,0.43631,0.62352,1.0,6.0,6.0
clean_combined,B0_family,ERF,0.93123,0.95961,1.0,0.96875,0.75,0.07885,0.11229,0.0628,0.2713,0.2662,0.93123,1.0,7.0,7.0
clean_combined,B0_family,ERG,0.7347,0.85052,0.8,0.87464,0.68651,0.12188,0.21095,0.12968,0.59938,0.3564,0.7347,1.0,4.0,4.0
clean_combined,B0_family,ETS1,0.6769,0.80672,0.77778,0.89231,0.67857,0.14252,0.25221,0.16989,0.8268,0.3809,0.6769,1.0,5.0,5.0
clean_combined,B0_family,ETS2,0.80332,0.90432,0.8,0.94017,0.68651,0.10324,0.15565,0.08,0.37749,0.28763,0.80332,1.0,4.0,4.0
clean_combined,B0_family,ETV1,0.68234,0.8058,0.77778,0.9177,0.67857,0.14283,0.25818,0.17643,0.8418,0.45448,0.68234,1.0,5.0,5.0
clean_combined,B0_family,ETV2,0.68963,0.82177,0.77802,0.86979,0.66012,0.14279,0.23441,0.16014,0.74804,0.39981,0.68963,1.0,4.14286,4.14286
clean_combined,B0_family,ETV3,0.58559,0.78159,0.68398,0.85626,0.60842,0.15688,0.2486,0.19535,0.90868,0.42438,0.47506,0.8106,3.85714,0.42857
clean_combined,B0_family,ETV4,0.76057,0.86367,0.875,0.93237,0.71429,0.11668,0.20126,0.12626,0.58665,0.34903,0.76057,1.0,6.0,6.0
clean_combined,B0_family,ETV5,0.67181,0.80399,0.77778,0.80903,0.67857,0.15266,0.25236,0.17046,0.86841,0.4784,0.67181,1.0,5.0,5.0
clean_combined,B0_family,ETV6,0.72728,0.86507,0.7,0.92857,0.61667,0.11615,0.18762,0.10204,0.48975,0.32698,0.72728,1.0,4.0,4.0
clean_combined,B0_family,ETV7,0.62749,0.81283,0.74306,0.86581,0.58038,0.14559,0.21762,0.15718,0.77106,0.42371,0.52495,0.83196,3.0,2.5
clean_combined,B0_family,EWSR1-FLI1,0.53136,0.67716,0.64286,0.87415,0.32386,0.23265,0.35736,0.31385,1.21022,1.01239,0.41328,0.77778,4.0,-4.0
clean_combined,B0_family,FEV,0.6836,0.80319,0.77778,0.9177,0.67857,0.14039,0.26533,0.19046,0.85566,0.49218,0.6836,1.0,5.0,5.0
clean_combined,B0_family,FLI1,0.75178,0.86047,0.8,0.90028,0.68651,0.11659,0.20333,0.12484,0.57391,0.34028,0.75178,1.0,4.0,4.0
clean_combined,B0_family,FOXA1,0.56503,0.8018,0.66667,0.78472,0.55682,0.18542,0.24868,0.15968,0.72564,0.60461,0.50852,0.9,1.0,-1.0
clean_combined,B0_family,FOXA2,0.52252,0.76898,0.55556,0.78472,0.44167,0.21164,0.28351,0.23105,0.98538,0.82258,0.47027,0.9,1.0,-1.0
clean_combined,B0_family,FOXA3,0.54415,0.78169,0.66667,0.8,0.55682,0.2045,0.27648,0.21779,0.93312,0.80137,0.48974,0.9,1.0,-1.0
clean_combined,B0_family,FOXB1,0.46404,0.6895,0.6059,0.76444,0.39658,0.23816,0.32204,0.27926,1.15851,0.88728,0.30598,0.65097,5.25,-5.0
clean_combined,B0_family,FOXC1,0.65732,0.81134,0.65426,0.87728,0.44024,0.18323,0.24777,0.18845,0.74195,0.73635,0.56338,0.84483,2.4,-0.8
clean_combined,B0_family,FOXC2,0.64474,0.79487,0.66667,0.85455,0.55682,0.21134,0.2741,0.22821,0.86931,0.9942,0.48355,0.75,3.0,-3.0
clean_combined,B0_family,FOXD1,0.62073,0.73616,0.71429,0.82313,0.60417,0.24026,0.32299,0.28266,1.16617,1.11947,0.62073,1.0,2.0,2.0
clean_combined,B0_family,FOXD2,0.5883,0.78315,0.57698,0.82375,0.35652,0.19845,0.26139,0.2092,0.84019,0.73036,0.43276,0.73342,3.1,-2.7
clean_combined,B0_family,FOXD3,0.52674,0.77785,0.55556,0.73052,0.34848,0.19056,0.25621,0.20206,0.84144,0.68234,0.26337,0.5,9.0,-9.0
clean_combined,B0_family,FOXE1,0.72574,0.83652,0.74074,0.87101,0.5008,0.19311,0.25131,0.20904,0.74613,0.96261,0.52705,0.72253,3.66667,-3.0
clean_combined,B0_family,FOXF1,0.7721,0.82942,0.85714,0.88125,0.63889,0.21286,0.27291,0.23286,0.82753,1.11674,0.7721,1.0,2.0,2.0
clean_combined,B0_family,FOXF2,0.59401,0.76121,0.42857,0.90476,0.16667,0.23052,0.31279,0.29368,0.99065,1.22906,0.46201,0.77778,0.0,0.0
clean_combined,B0_family,FOXG1,0.67045,0.81186,0.71429,0.77778,0.60417,0.2063,0.25303,0.19826,0.81951,0.93539,0.67045,1.0,2.0,2.0
clean_combined,B0_family,FOXI1,0.58367,0.7535,0.60179,0.805,0.47625,0.22216,0.29401,0.24685,0.99054,0.94691,0.46528,0.78761,3.2,-2.0
clean_combined,B0_family,FOXJ1,0.62805,0.76088,0.71429,0.91156,0.36667,0.2161,0.30339,0.25167,0.8722,1.00761,0.62805,1.0,2.0,2.0
clean_combined,B0_family,FOXJ2,0.63733,0.77676,0.59957,0.85096,0.42469,0.2088,0.27906,0.23345,0.86475,0.92143,0.47921,0.75401,2.72727,-2.36364
clean_combined,B0_family,FOXJ3,0.69304,0.80495,0.67549,0.88856,0.46808,0.20688,0.26926,0.22835,0.83627,0.96065,0.51725,0.7428,2.22222,-1.77778
clean_combined,B0_family,FOXK1,0.55578,0.79616,0.55556,0.85455,0.44167,0.20002,0.25733,0.18657,0.77306,0.79329,0.55578,1.0,0.0,0.0
clean_combined,B0_family,FOXK2,0.68672,0.79682,0.71429,0.82313,0.60417,0.21085,0.27004,0.20691,0.90349,0.86278,0.53411,0.77778,0.0,0.0
clean_combined,B0_family,FOXL1,0.68317,0.82166,0.73016,0.85513,0.58136,0.19307,0.25315,0.2016,0.74261,0.88782,0.58026,0.84221,2.8,-1.2
clean_combined,B0_family,FOXL2,0.54292,0.78353,0.55556,0.81154,0.44167,0.20598,0.26495,0.19613,0.78594,0.78606,0.48862,0.9,1.0,-1.0
clean_combined,B0_family,FOXM1,0.53579,0.79268,0.66667,0.74582,0.55682,0.1817,0.24781,0.16679,0.75183,0.5414,0.48221,0.9,1.0,-1.0
clean_combined,B0_family,FOXN2,0.30927,0.61083,0.63333,0.63266,0.52083,0.25894,0.34579,0.31524,1.5103,0.76404,0.19619,0.7,5.0,-1.0
clean_combined,B0_family,FOXN3,0.61255,0.72045,0.71429,0.82313,0.60417,0.2543,0.34305,0.31066,1.31124,1.22177,0.53598,0.875,1.0,1.0
clean_combined,B0_family,FOXO1,0.69531,0.80519,0.71429,0.82313,0.60417,0.2015,0.26313,0.19284,0.86955,0.80964,0.69531,1.0,2.0,2.0
clean_combined,B0_family,FOXO3,0.66861,0.77789,0.71429,0.82313,0.60417,0.22313,0.28937,0.23612,1.00484,0.97545,0.58504,0.875,1.0,1.0
clean_combined,B0_family,FOXO4,0.74518,0.84449,0.71429,0.90058,0.60417,0.19048,0.24019,0.18212,0.70842,0.89163,0.65203,0.875,1.0,1.0
clean_combined,B0_family,FOXO6,0.62861,0.74599,0.67143,0.80121,0.54048,0.23431,0.30979,0.26779,1.14392,1.05739,0.50336,0.78929,3.0,-1.0
clean_combined,B0_family,FOXP1,0.66432,0.79021,0.7295,0.82927,0.59873,0.20558,0.26965,0.20678,0.85468,0.84642,0.56884,0.84755,4.33333,-2.0
clean_combined,B0_family,FOXP2,0.68655,0.79818,0.71429,0.82313,0.60417,0.20174,0.26568,0.18704,0.85116,0.77287,0.68655,1.0,2.0,2.0
clean_combined,B0_family,FOXP3,0.76058,0.84652,0.71429,0.88889,0.60417,0.18522,0.23025,0.15577,0.65487,0.77868,0.59156,0.77778,0.0,0.0
clean_combined,B0_family,FOXP4,0.63423,0.7611,0.71429,0.82313,0.60417,0.2131,0.29048,0.20363,0.91392,0.79982,0.63423,1.0,2.0,2.0
clean_combined,B0_family,FOXS1,0.54832,0.72167,0.625,0.76562,0.5,0.22678,0.3089,0.22734,1.00721,0.80061,0.54832,1.0,1.0,1.0
clean_combined,B0_family,GABPA,0.69727,0.8146,0.77778,0.9177,0.67857,0.13594,0.25233,0.16874,0.76315,0.49802,0.69727,1.0,5.0,5.0
clean_combined,B0_family,GCN4,0.53093,0.65043,0.57143,0.78125,0.51667,0.2968,0.35287,0.35563,1.2979,1.48315,0.53093,1.0,5.0,5.0
clean_combined,B0_family,KLF14,0.61189,0.7177,0.83798,0.84481,0.3982,0.24203,0.29257,0.26138,0.94437,1.07824,0.58008,0.92779,2.42857,-0.42857
clean_combined,B0_family,KLF2,0.65778,0.68307,0.75694,0.8662,0.28915,0.2715,0.32268,0.29427,1.08002,1.25325,0.65778,1.0,3.75,3.75
clean_combined,B0_family,NFE2,0.43901,0.66343,0.48154,0.7553,0.43669,0.27757,0.33497,0.33663,1.22921,1.34887,0.3861,0.92208,1.90909,1.18182
clean_combined,B0_family,NFE2L1,0.4063,0.61844,0.45455,0.75482,0.40952,0.31174,0.36981,0.38249,1.41421,1.55825,0.31924,0.78571,2.0,-2.0
clean_combined,B0_family,NFE2L2,0.40894,0.63342,0.45455,0.77865,0.40952,0.29749,0.35619,0.34321,1.29095,1.41843,0.32131,0.78571,2.0,-2.0
clean_combined,B0_family,NPAS2,0.48847,0.72901,0.52222,0.77668,0.48,0.24455,0.30426,0.29547,1.0417,1.20536,0.38689,0.8,4.0,-2.4
clean_combined,B0_family,P53,0.22132,0.65249,0.33333,0.55273,0.33333,0.26295,0.3068,0.26199,0.99935,1.01052,0.14228,0.64286,2.0,-2.0
clean_combined,B0_family,POU1F1,0.53793,0.64288,0.625,0.83182,0.4375,0.2926,0.34026,0.33769,1.23598,1.3588,0.30739,0.57143,5.0,-5.0
clean_combined,B0_family,POU2F1,0.30933,0.61972,0.44444,0.71923,0.26786,0.29023,0.34145,0.31946,1.21108,1.2746,0.32451,0.66667,0.0,0.0
clean_combined,B0_family,POU2F1::SOX2,0.33087,0.64094,0.58333,0.68359,0.45,0.27921,0.3308,0.30759,1.14994,1.21298,0.21783,0.41176,8.0,-8.0
clean_combined,B0_family,POU2F2,0.54665,0.67393,0.625,0.82126,0.4375,0.26619,0.32255,0.30225,1.10509,1.219,0.3364,0.61538,4.0,-4.0
clean_combined,B0_family,POU2F3,0.41122,0.59856,0.5,0.75,0.41667,0.31481,0.36816,0.35957,1.36569,1.46156,0.27415,0.66667,0.0,0.0
clean_combined,B0_family,POU3F1,0.34966,0.63326,0.44444,0.74182,0.26786,0.28444,0.33503,0.30661,1.16509,1.23284,0.31603,0.6,1.0,-1.0
clean_combined,B0_family,POU3F2,0.59431,0.71323,0.71429,0.84795,0.46429,0.24276,0.29165,0.24683,0.90906,1.02858,0.34668,0.58333,3.0,-3.0
clean_combined,B0_family,POU3F3,0.4795,0.68302,0.59266,0.78254,0.37491,0.25578,0.3038,0.26484,0.9918,1.07447,0.41431,0.78852,2.57143,-1.71429
clean_combined,B0_family,POU3F4,0.47062,0.63847,0.52338,0.79541,0.34327,0.28919,0.34088,0.33777,1.24558,1.34523,0.36568,0.62218,2.30769,-2.30769
clean_combined,B0_family,POU4F1,0.45039,0.6741,0.53401,0.78107,0.43735,0.25978,0.31083,0.27101,1.01944,1.09782,0.43968,0.74313,3.14286,-2.85714
clean_combined,B0_family,POU4F2,0.51963,0.63918,0.52083,0.83005,0.37873,0.28616,0.33819,0.31407,1.18044,1.28545,0.37104,0.64821,5.0,-5.0
clean_combined,B0_family,POU4F3,0.41882,0.68219,0.48891,0.75909,0.38009,0.25532,0.31034,0.27712,1.02897,1.10854,0.42186,0.73389,3.41667,-2.91667
clean_combined,B0_family,POU5F1,0.44613,0.59779,0.71429,0.7483,0.38889,0.31124,0.36157,0.33815,1.30095,1.39359,0.35171,0.71429,2.0,2.0
clean_combined,B0_family,POU5F1::SOX2,0.33601,0.67678,0.6,0.60399,0.425,0.25128,0.30119,0.24831,0.9453,1.00406,0.21227,0.69231,4.0,-4.0
clean_combined,B0_family,POU5F1B,0.29229,0.60549,0.47222,0.72258,0.28323,0.30069,0.35474,0.35433,1.32605,1.3851,0.28971,0.60606,1.0,-1.0
clean_combined,B0_family,POU5F1P1,0.44077,0.66287,0.54389,0.77787,0.33623,0.272,0.32573,0.31204,1.14864,1.22851,0.31205,0.61684,3.9,-3.5
clean_combined,B0_family,POU6F1,0.60026,0.6158,0.57143,0.91156,0.33929,0.30922,0.36166,0.36085,1.3384,1.48437,0.60026,1.0,2.0,2.0
clean_combined,B0_family,POU6F2,0.63959,0.66365,0.65125,0.89532,0.37849,0.27854,0.33258,0.32652,1.18944,1.32986,0.59663,0.90317,2.28571,0.28571
clean_combined,B0_family,SKN-1,0.46204,0.67901,0.5,0.68599,0.575,0.27273,0.32706,0.32142,1.15951,1.31815,0.46204,1.0,4.0,4.0
clean_combined,B0_family,SP3,0.60505,0.69871,0.76373,0.87148,0.37352,0.25047,0.30648,0.27293,0.99714,1.13053,0.5733,0.93197,2.42857,0.14286
clean_combined,B0_family,SP5,0.54962,0.70637,0.8265,0.79561,0.28114,0.2513,0.30259,0.28312,1.02747,1.15735,0.48555,0.7893,6.0,-2.0
clean_combined,B0_family,SP7,0.23517,0.7448,0.4,0.61905,0.14286,0.19818,0.24346,0.15866,0.62517,0.63704,0.09045,0.38462,1.0,-1.0
clean_combined,B0_family,SPDEF,0.48442,0.69377,0.6,0.7094,0.52381,0.19817,0.32727,0.2592,1.49252,0.46997,0.48442,1.0,4.0,4.0
clean_combined,B0_family,THRA,0.53718,0.74115,0.62381,0.79797,0.61375,0.22938,0.29033,0.2476,0.91628,1.05124,0.37116,0.72281,3.0,0.14286
clean_combined,B0_family,THRB,0.42994,0.69576,0.42857,0.71406,0.43333,0.24105,0.31178,0.27546,1.07239,1.03054,0.3344,0.77778,3.0,-3.0
clean_combined,B0_family,TP53,0.53085,0.66415,0.75,0.81818,0.45,0.26114,0.31671,0.27128,1.03949,1.07931,0.11797,0.22222,6.0,-6.0
clean_combined,B0_family,TP63,0.22966,0.60969,0.33333,0.62626,0.38889,0.2947,0.35475,0.37545,1.37484,1.40015,0.15311,0.66667,6.0,-6.0
clean_combined,B0_family,TP73,0.38183,0.63825,0.5,0.78125,0.33333,0.28276,0.33306,0.33206,1.22727,1.2594,0.14318,0.375,4.0,-4.0
clean_combined,B0_family,ZBTB40,-0.1724,0.62613,0.125,0.43795,0.05357,0.25757,0.3117,0.24664,0.99893,0.9016,-0.07953,0.46667,2.5,-2.5
clean_combined,B1_nearest_pwm,CLOCK,0.57491,0.76342,0.63542,0.90394,0.63542,0.15001,0.29184,0.20574,0.91532,0.51511,0.52848,1.0,1.0,1.0
clean_combined,B1_nearest_pwm,EHF,0.73002,0.87201,0.76898,0.89547,0.66845,0.12261,0.18759,0.1153,1.67664,0.50444,0.73002,1.0,4.14286,4.14286
clean_combined,B1_nearest_pwm,ELF1,0.63637,0.81155,0.72727,0.8536,0.65972,0.14121,0.24074,0.15002,0.89942,0.44745,0.63637,1.0,3.0,3.0
clean_combined,B1_nearest_pwm,ELF2,0.7385,0.84844,0.7,0.93,0.61667,0.11518,0.22231,0.11643,0.64125,0.31278,0.7385,1.0,4.0,4.0
clean_combined,B1_nearest_pwm,ELF3,0.74564,0.87549,0.81818,0.86458,0.69156,0.12729,0.18919,0.1278,1.91489,0.57394,0.74564,1.0,3.0,3.0
clean_combined,B1_nearest_pwm,ELF4,0.73305,0.86535,0.74053,0.88334,0.63252,0.1293,0.19862,0.13118,1.83922,0.59865,0.73305,1.0,3.0,3.0
clean_combined,B1_nearest_pwm,ELF5,0.59911,0.70665,0.67424,0.70254,0.40455,0.20308,0.36241,0.30254,4.15752,0.75157,0.16655,0.98347,3.72727,3.72727
clean_combined,B1_nearest_pwm,ELK1,0.69752,0.79775,0.77778,0.93416,0.67857,0.1244,0.28116,0.176,0.8852,0.29605,0.69752,1.0,5.0,5.0
clean_combined,B1_nearest_pwm,ELK3,0.42326,0.64014,0.52897,0.69864,0.40583,0.23467,0.36037,0.32208,5.28244,0.64577,0.41228,0.95,4.4,4.4
clean_combined,B1_nearest_pwm,ELK4,0.45927,0.59542,0.6,0.63333,0.36667,0.24175,0.44765,0.42998,6.68085,0.38097,0.07057,0.75,6.0,6.0
clean_combined,B1_nearest_pwm,ERF,0.73134,0.83725,0.85714,0.81875,0.58333,0.13503,0.21738,0.1644,1.0684,0.54585,0.73134,1.0,7.0,7.0
clean_combined,B1_nearest_pwm,ERG,0.31962,0.61022,0.4,0.79762,0.26667,0.26612,0.36769,0.3367,2.29484,1.01636,0.1416,0.9,4.0,4.0
clean_combined,B1_nearest_pwm,ETS1,0.64004,0.80039,0.72222,0.89231,0.65476,0.1565,0.26039,0.17659,0.86559,0.5195,0.64004,1.0,5.0,5.0
clean_combined,B1_nearest_pwm,ETS2,0.74086,0.883,0.7,0.94872,0.65179,0.13156,0.18806,0.11611,0.45599,0.63238,0.74086,1.0,4.0,4.0
clean_combined,B1_nearest_pwm,ETV1,0.55437,0.74772,0.5,0.91667,0.375,0.21119,0.29792,0.2335,1.79617,0.96452,0.10666,0.33333,5.0,5.0
clean_combined,B1_nearest_pwm,ETV2,0.43134,0.58895,0.56803,0.59716,0.4619,0.29627,0.42215,0.47028,5.7629,1.15726,0.11397,0.83871,4.14286,4.14286
clean_combined,B1_nearest_pwm,ETV3,0.67644,0.82675,0.69048,0.90112,0.6053,0.14696,0.2244,0.16473,1.30476,0.51093,0.53384,0.77587,3.85714,0.42857
clean_combined,B1_nearest_pwm,ETV4,0.27549,0.56065,0.6,0.55952,0.25,0.27583,0.42636,0.443,3.0217,0.88409,0.11332,1.0,6.0,6.0
clean_combined,B1_nearest_pwm,ETV5,0.42128,0.61534,0.66667,0.6,0.41667,0.24686,0.39227,0.3718,2.71525,0.57025,0.09581,1.0,5.0,5.0
clean_combined,B1_nearest_pwm,ETV6,0.28875,0.50955,0.5,0.64881,0.45417,0.30552,0.45404,0.44857,2.95708,0.80959,0.1967,0.4,4.0,4.0
clean_combined,B1_nearest_pwm,ETV7,0.33742,0.58853,0.525,0.68065,0.31458,0.25492,0.38263,0.35296,1.98472,0.67031,0.1191,0.85191,3.0,2.5
clean_combined,B1_nearest_pwm,EWSR1-FLI1,0.46796,0.65815,0.64286,0.75,0.32386,0.2352,0.3718,0.35823,4.66389,0.91565,0.36397,0.77778,4.0,-4.0
clean_combined,B1_nearest_pwm,FEV,0.51395,0.65928,0.66667,0.80247,0.625,0.22728,0.38917,0.38203,6.17155,0.77961,0.51395,1.0,5.0,5.0
clean_combined,B1_nearest_pwm,FLI1,0.5923,0.73801,0.67857,0.76423,0.66417,0.1786,0.31876,0.24942,1.79924,0.45283,0.46822,0.87,4.0,4.0
clean_combined,B1_nearest_pwm,FOXA1,0.58574,0.76614,0.66667,0.82031,0.5,0.16426,0.27202,0.17693,1.20127,0.40511,0.3653,0.85,1.0,-1.0
clean_combined,B1_nearest_pwm,FOXA2,0.45856,0.67576,0.44444,0.76042,0.37778,0.21118,0.35164,0.26252,1.68662,0.44737,0.4127,0.9,1.0,-1.0
clean_combined,B1_nearest_pwm,FOXA3,0.46657,0.68754,0.55556,0.82545,0.5,0.20641,0.34458,0.24889,1.58226,0.43645,0.41991,0.9,1.0,-1.0
clean_combined,B1_nearest_pwm,FOXB1,0.3845,0.58489,0.51389,0.6526,0.3375,0.25653,0.40779,0.38096,4.41456,0.54434,0.24318,0.63222,5.25,-5.0
clean_combined,B1_nearest_pwm,FOXC1,0.51735,0.68815,0.5863,0.8264,0.42057,0.21513,0.34524,0.27965,2.04339,0.62682,0.43345,0.8315,2.4,-0.8
clean_combined,B1_nearest_pwm,FOXC2,0.40254,0.62134,0.51667,0.7636,0.46202,0.23356,0.38535,0.33494,2.71339,0.5292,0.30507,0.68333,3.0,-3.0
clean_combined,B1_nearest_pwm,FOXD1,0.49237,0.64847,0.57143,0.88095,0.51786,0.20393,0.38131,0.29545,1.58426,0.49877,0.49237,1.0,2.0,2.0
clean_combined,B1_nearest_pwm,FOXD2,0.47102,0.66402,0.5352,0.7796,0.36313,0.22639,0.35602,0.29479,2.14764,0.60183,0.33044,0.69706,3.1,-2.7
clean_combined,B1_nearest_pwm,FOXD3,0.33461,0.59834,0.44444,0.64773,0.31667,0.25876,0.38434,0.33883,2.51158,0.62232,0.1673,0.5,9.0,-9.0
clean_combined,B1_nearest_pwm,FOXE1,0.49056,0.69079,0.54935,0.72575,0.32454,0.23053,0.33525,0.29819,5.27982,0.79332,0.39296,0.74634,3.66667,-3.0
clean_combined,B1_nearest_pwm,FOXF1,0.65091,0.75675,0.71429,0.91563,0.5625,0.15932,0.31856,0.2068,0.92685,0.42216,0.65091,1.0,2.0,2.0
clean_combined,B1_nearest_pwm,FOXF2,0.40264,0.63635,0.5,0.80676,0.275,0.25463,0.36734,0.37992,5.38668,1.07306,0.33475,1.0,0.0,0.0
clean_combined,B1_nearest_pwm,FOXG1,0.5029,0.67941,0.57143,0.77485,0.51786,0.20871,0.34215,0.24093,1.41649,0.56443,0.5029,1.0,2.0,2.0
clean_combined,B1_nearest_pwm,FOXI1,0.80226,0.88086,0.7829,0.9082,0.60489,0.12634,0.19739,0.13053,0.89491,0.53362,0.66754,0.76868,3.2,-2.0
clean_combined,B1_nearest_pwm,FOXJ1,0.49676,0.65626,0.71429,0.70068,0.36667,0.22062,0.38368,0.33592,2.52635,0.69658,0.49428,1.0,2.0,2.0
clean_combined,B1_nearest_pwm,FOXJ2,0.78627,0.86868,0.79986,0.8859,0.62803,0.13404,0.20532,0.14833,1.14807,0.60341,0.62018,0.72356,2.72727,-2.36364
clean_combined,B1_nearest_pwm,FOXJ3,0.52449,0.71249,0.59965,0.86492,0.51802,0.18571,0.32304,0.23642,1.43865,0.45207,0.41617,0.80946,2.22222,-1.77778
clean_combined,B1_nearest_pwm,FOXK1,0.55327,0.74504,0.62778,0.70776,0.51389,0.21524,0.28561,0.24631,2.90434,0.81949,0.33391,0.77778,0.0,0.0
clean_combined,B1_nearest_pwm,FOXK2,0.4484,0.63963,0.55556,0.73173,0.36131,0.26132,0.37517,0.34758,3.05606,0.80579,0.36391,1.0,0.0,0.0
clean_combined,B1_nearest_pwm,FOXL1,0.85,0.91928,0.83377,0.90651,0.64995,0.11001,0.16465,0.10359,1.15018,0.50635,0.7422,0.80736,2.8,-1.2
clean_combined,B1_nearest_pwm,FOXL2,0.57596,0.70283,0.66667,0.85294,0.66667,0.1708,0.35515,0.26265,5.30637,0.36396,0.34558,0.9,1.0,-1.0
clean_combined,B1_nearest_pwm,FOXM1,0.96251,0.97044,1.0,1.0,0.5,0.06173,0.11909,0.04514,0.26462,0.35754,0.28875,0.3,1.0,-1.0
clean_combined,B1_nearest_pwm,FOXN2,0.3366,0.58001,0.42222,0.57635,0.38393,0.26064,0.40393,0.39534,3.4637,0.68683,0.27498,0.8,5.0,-1.0
clean_combined,B1_nearest_pwm,FOXN3,0.48553,0.63734,0.57143,0.88095,0.51786,0.19903,0.39463,0.30796,1.5685,0.32654,0.42484,0.875,1.0,1.0
clean_combined,B1_nearest_pwm,FOXO1,0.81689,0.87476,0.82143,0.94724,0.52165,0.0972,0.16309,0.10644,0.83027,0.37408,0.33633,0.88312,2.0,2.0
clean_combined,B1_nearest_pwm,FOXO3,0.66156,0.78758,0.6875,0.85507,0.50739,0.18363,0.26383,0.22186,1.2012,0.71552,0.57905,0.875,1.0,1.0
clean_combined,B1_nearest_pwm,FOXO4,0.61286,0.72824,0.66667,0.90625,0.66667,0.17884,0.33472,0.2539,5.55156,0.616,0.34193,1.0,1.0,1.0
clean_combined,B1_nearest_pwm,FOXO6,0.77931,0.86048,0.76786,0.92478,0.6353,0.12918,0.20804,0.14848,0.75772,0.54916,0.69084,0.84286,3.0,-1.0
clean_combined,B1_nearest_pwm,FOXP1,0.55216,0.70383,0.64325,0.78244,0.46265,0.20112,0.33636,0.27175,1.75092,0.5251,0.40216,0.833,4.33333,-2.0
clean_combined,B1_nearest_pwm,FOXP2,0.67885,0.79254,0.71429,0.88209,0.39286,0.14387,0.24438,0.19787,1.30697,0.35594,0.42888,0.90476,2.0,2.0
clean_combined,B1_nearest_pwm,FOXP3,0.55089,0.68029,0.68939,0.76964,0.38947,0.21134,0.36594,0.31015,3.85667,0.59516,0.43244,0.89474,0.0,0.0
clean_combined,B1_nearest_pwm,FOXP4,0.44098,0.65604,0.57143,0.7619,0.31429,0.22061,0.3601,0.28341,1.56254,0.52481,0.35951,1.0,2.0,2.0
clean_combined,B1_nearest_pwm,FOXS1,0.90655,0.94052,0.875,0.98958,0.72222,0.09072,0.14841,0.06715,0.59699,0.44999,0.90655,1.0,1.0,1.0
clean_combined,B1_nearest_pwm,GABPA,0.3989,0.6278,0.55556,0.76132,0.50952,0.23928,0.37512,0.33178,1.87817,0.77981,0.3989,1.0,5.0,5.0
clean_combined,B1_nearest_pwm,GCN4,0.76249,0.8275,0.83929,0.78125,0.80208,0.12665,0.222,0.19625,2.92477,0.31667,0.76249,1.0,5.0,5.0
clean_combined,B1_nearest_pwm,KLF14,0.93233,0.96187,0.84141,0.99344,0.5877,0.07144,0.10627,0.05341,0.407,0.32655,0.8637,0.92098,2.42857,-0.42857
clean_combined,B1_nearest_pwm,KLF2,0.97594,0.9821,1.0,0.99913,0.75,0.06117,0.08073,0.04396,0.74262,0.35489,0.97594,1.0,3.75,3.75
clean_combined,B1_nearest_pwm,NFE2,0.38574,0.60297,0.4741,0.73427,0.46429,0.24338,0.39811,0.36674,2.18313,0.56661,0.35788,0.96753,1.90909,1.18182
clean_combined,B1_nearest_pwm,NFE2L1,0.73993,0.84706,0.85714,0.92188,0.83889,0.12254,0.23185,0.13376,0.74776,0.43876,0.59725,0.85714,2.0,-2.0
clean_combined,B1_nearest_pwm,NFE2L2,0.52635,0.71411,0.65238,0.69273,0.66833,0.21414,0.31643,0.27172,3.30631,0.82596,0.25287,0.65714,2.0,-2.0
clean_combined,B1_nearest_pwm,NPAS2,0.65614,0.7595,0.72111,0.79671,0.72167,0.1864,0.31479,0.25536,2.69001,0.72098,0.54831,0.82222,4.0,-2.4
clean_combined,B1_nearest_pwm,P53,0.40767,0.61218,0.59188,0.68413,0.57675,0.25528,0.39106,0.37957,8.48668,0.73924,0.28311,0.74812,2.0,-2.0
clean_combined,B1_nearest_pwm,POU1F1,0.70333,0.8011,0.75926,0.87853,0.49365,0.16703,0.27182,0.19583,2.46224,0.64944,0.37005,0.64286,5.0,-5.0
clean_combined,B1_nearest_pwm,POU2F1,0.42887,0.60843,0.61508,0.64871,0.49617,0.25414,0.3818,0.37576,3.22054,0.62445,0.39155,0.88889,0.0,0.0
clean_combined,B1_nearest_pwm,POU2F1::SOX2,0.35423,0.60949,0.5,0.68555,0.49286,0.23323,0.37224,0.33142,2.77943,0.5672,0.21876,0.52941,8.0,-8.0
clean_combined,B1_nearest_pwm,POU2F2,0.2848,0.6287,0.40741,0.65256,0.36667,0.25381,0.34336,0.32088,1.30133,0.9262,0.19717,0.69231,4.0,-4.0
clean_combined,B1_nearest_pwm,POU2F3,0.3556,0.5383,0.47454,0.77187,0.43155,0.26692,0.45021,0.43253,3.33501,0.5097,0.34653,0.98148,0.0,0.0
clean_combined,B1_nearest_pwm,POU3F1,0.11461,0.46165,0.33333,0.55818,0.33333,0.31014,0.43308,0.44654,5.03613,0.53961,0.13903,0.7,1.0,-1.0
clean_combined,B1_nearest_pwm,POU3F2,0.12224,0.49067,0.22222,0.64545,0.20833,0.28815,0.42166,0.42339,4.585,0.55396,0.1252,0.58333,3.0,-3.0
clean_combined,B1_nearest_pwm,POU3F3,0.17951,0.51075,0.44048,0.56754,0.42738,0.2867,0.41821,0.41957,2.44773,0.62627,0.1716,0.69115,2.57143,-1.71429
clean_combined,B1_nearest_pwm,POU3F4,0.33527,0.59359,0.53947,0.66935,0.48072,0.25892,0.38746,0.36558,1.95192,0.7042,0.23719,0.51215,2.30769,-2.30769
clean_combined,B1_nearest_pwm,POU4F1,0.44199,0.6394,0.55187,0.83109,0.33489,0.23128,0.36897,0.30407,1.62463,0.71449,0.30275,0.68727,3.14286,-2.85714
clean_combined,B1_nearest_pwm,POU4F2,0.50018,0.67353,0.55952,0.85337,0.36667,0.19085,0.35595,0.25577,1.41497,0.305,0.30292,0.60655,5.0,-5.0
clean_combined,B1_nearest_pwm,POU4F3,0.5217,0.67151,0.58912,0.8213,0.3348,0.22235,0.3604,0.29159,1.67644,0.72354,0.31337,0.61093,3.41667,-2.91667
clean_combined,B1_nearest_pwm,POU5F1,0.4796,0.67341,0.58333,0.76754,0.45154,0.23777,0.35199,0.30287,2.90676,0.91287,0.30291,0.92857,2.0,2.0
clean_combined,B1_nearest_pwm,POU5F1::SOX2,0.40809,0.62174,0.55983,0.70005,0.42153,0.25303,0.38493,0.36111,3.94133,0.73597,0.25025,0.69231,4.0,-4.0
clean_combined,B1_nearest_pwm,POU5F1B,0.67007,0.79416,0.66667,0.89931,0.53333,0.16849,0.25896,0.18682,0.7958,0.67941,0.40658,0.55051,1.0,-1.0
clean_combined,B1_nearest_pwm,POU5F1P1,0.65378,0.78333,0.66798,0.86561,0.515,0.18011,0.27359,0.20077,0.90073,0.72114,0.37513,0.55505,3.9,-3.5
clean_combined,B1_nearest_pwm,POU6F1,0.52859,0.70346,0.66667,0.80442,0.49782,0.19355,0.33876,0.27968,3.05069,0.52855,0.49877,1.0,2.0,2.0
clean_combined,B1_nearest_pwm,POU6F2,0.83692,0.91616,0.84467,0.94924,0.57959,0.11014,0.16887,0.10093,0.78719,0.53711,0.75841,0.9127,2.28571,0.28571
clean_combined,B1_nearest_pwm,SKN-1,0.48931,0.71136,0.57143,0.8,0.3125,0.2221,0.31138,0.27685,1.69869,0.74888,0.42814,0.875,4.0,4.0
clean_combined,B1_nearest_pwm,SP3,0.92782,0.95749,0.80714,0.99065,0.41903,0.06716,0.11345,0.03834,0.16251,0.26127,0.85193,0.93197,2.42857,0.14286
clean_combined,B1_nearest_pwm,SP5,0.71377,0.83007,0.74495,0.94504,0.41435,0.12962,0.24014,0.14601,0.66275,0.36362,0.55708,0.7893,6.0,-2.0
clean_combined,B1_nearest_pwm,SP7,0.23221,0.59523,0.33333,0.73636,0.22619,0.25322,0.35212,0.29005,1.92493,0.51143,0.16076,0.69231,1.0,-1.0
clean_combined,B1_nearest_pwm,SPDEF,0.58465,0.7505,0.6,0.78063,0.52381,0.19955,0.29635,0.2341,2.71014,0.77281,0.58465,1.0,4.0,4.0
clean_combined,B1_nearest_pwm,THRA,0.59424,0.72658,0.70238,0.78931,0.68741,0.18746,0.31727,0.27237,3.58166,0.63131,0.44985,0.70341,3.0,0.14286
clean_combined,B1_nearest_pwm,THRB,0.77793,0.85277,0.85,0.84928,0.86143,0.12049,0.24407,0.18101,4.51148,0.52634,0.31278,0.51111,3.0,-3.0
clean_combined,B1_nearest_pwm,TP53,0.31653,0.60586,0.46875,0.62785,0.42649,0.24886,0.36838,0.35271,3.55671,0.80787,0.20922,0.56944,6.0,-6.0
clean_combined,B1_nearest_pwm,TP63,0.26384,0.52873,0.45997,0.65128,0.45476,0.29317,0.42505,0.4632,3.83169,0.98943,0.23919,0.63492,6.0,-6.0
clean_combined,B1_nearest_pwm,TP73,0.49357,0.63806,0.62117,0.68172,0.52887,0.24954,0.39276,0.3929,11.12622,0.8445,0.2529,0.63393,4.0,-4.0
clean_combined,B1_nearest_pwm,ZBTB40,0.09864,0.42676,0.34135,0.55354,0.27917,0.34425,0.48139,0.54207,8.35831,0.98067,0.0557,0.59167,2.5,-2.5
clean_combined,v24_seed42,CLOCK,0.83585,0.97359,0.85714,0.98438,0.86667,0.03484,0.06748,0.0287,0.09651,0.24766,0.65011,0.77778,0.25,-0.25
clean_combined,v24_seed42,EHF,0.63253,0.81016,0.68571,0.88844,0.40774,0.13998,0.23701,0.14731,0.64444,0.4244,0.60227,0.95527,3.14286,3.14286
clean_combined,v24_seed42,ELF1,0.4506,0.66068,0.5,0.68155,0.55952,0.22592,0.35656,0.28743,1.72063,0.72379,0.40964,0.90909,5.0,5.0
clean_combined,v24_seed42,ELF2,0.60353,0.77134,0.59821,0.88489,0.50476,0.20076,0.28672,0.22281,0.93073,0.98968,0.45501,0.75,3.5,3.5
clean_combined,v24_seed42,ELF3,0.60038,0.77926,0.6,0.86,0.36508,0.14881,0.2655,0.17625,0.84505,0.51666,0.5458,0.90909,2.0,2.0
clean_combined,v24_seed42,ELF4,0.67292,0.81427,0.76932,0.85888,0.65516,0.14324,0.24718,0.16458,0.83903,0.52414,0.62881,0.93371,2.0,2.0
clean_combined,v24_seed42,ELF5,0.72355,0.86949,0.79284,0.8883,0.65334,0.1099,0.1899,0.10337,0.5704,0.37295,0.7182,0.99174,2.72727,2.72727
clean_combined,v24_seed42,ELK1,0.70767,0.7909,0.77778,0.9177,0.67857,0.14107,0.2996,0.19272,0.97057,0.40805,0.70767,1.0,4.0,4.0
clean_combined,v24_seed42,ELK3,0.63187,0.74688,0.71111,0.84796,0.59286,0.16697,0.31326,0.23049,1.26496,0.45165,0.61511,0.95,2.4,2.4
clean_combined,v24_seed42,ELK4,0.63219,0.76565,0.75,0.83977,0.66429,0.16242,0.29505,0.21166,1.12387,0.51451,0.63219,1.0,4.75,4.75
clean_combined,v24_seed42,ERF,0.94507,0.96387,1.0,0.95625,0.75,0.07262,0.1109,0.05505,0.30032,0.3239,0.94507,1.0,6.0,6.0
clean_combined,v24_seed42,ERG,0.71512,0.82389,0.77778,0.88194,0.67857,0.1316,0.2426,0.14617,0.75738,0.28161,0.64361,0.9,4.0,4.0
clean_combined,v24_seed42,ETS1,0.69723,0.8105,0.77222,0.87288,0.66994,0.15219,0.26101,0.17587,0.88094,0.4679,0.69723,1.0,4.25,4.25
clean_combined,v24_seed42,ETS2,0.81573,0.90181,0.77778,0.95833,0.67857,0.10778,0.17102,0.09146,0.45751,0.38847,0.73416,0.9,3.0,3.0
clean_combined,v24_seed42,ETV1,0.69177,0.80245,0.77778,0.9177,0.67857,0.15442,0.27066,0.18718,0.95402,0.51553,0.69177,1.0,4.0,4.0
clean_combined,v24_seed42,ETV2,0.53726,0.7207,0.67879,0.81298,0.60799,0.21282,0.31439,0.25134,1.08529,0.66657,0.5155,0.96374,3.14286,3.14286
clean_combined,v24_seed42,ETV3,0.65581,0.79949,0.73016,0.87457,0.62585,0.14108,0.24977,0.17452,1.00876,0.39941,0.4875,0.74114,4.0,-0.57143
clean_combined,v24_seed42,ETV4,0.60654,0.79512,0.75,0.89855,0.58333,0.14773,0.24572,0.17086,0.83179,0.3517,0.60654,1.0,6.0,6.0
clean_combined,v24_seed42,ETV5,0.58433,0.75369,0.66667,0.77083,0.54762,0.18469,0.28629,0.20769,1.09847,0.62183,0.58433,1.0,4.0,4.0
clean_combined,v24_seed42,ETV6,0.7137,0.83802,0.66667,0.93212,0.60417,0.11878,0.22126,0.11198,0.57974,0.27941,0.64233,0.9,3.33333,3.33333
clean_combined,v24_seed42,ETV7,0.66268,0.82476,0.7207,0.87958,0.4005,0.13984,0.21856,0.1547,0.86949,0.40925,0.46076,0.70179,2.5,1.5
clean_combined,v24_seed42,EWSR1-FLI1,0.56506,0.69486,0.69231,0.86785,0.35897,0.21574,0.355,0.30075,1.21298,0.89061,0.4081,0.72222,5.0,-5.0
clean_combined,v24_seed42,FEV,0.70292,0.80867,0.77778,0.92593,0.67857,0.14509,0.27044,0.19018,0.84372,0.50595,0.70292,1.0,4.0,4.0
clean_combined,v24_seed42,FLI1,0.52381,0.71175,0.61889,0.78581,0.5253,0.19272,0.30921,0.24614,1.39437,0.51961,0.44758,0.85,2.8,2.8
clean_combined,v24_seed42,FOXA1,0.70329,0.82373,0.75694,0.805,0.57857,0.13402,0.24184,0.15531,1.21541,0.36423,0.57884,0.825,0.25,0.25
clean_combined,v24_seed42,FOXA2,0.75362,0.85528,0.875,0.83788,0.72222,0.10803,0.22745,0.15363,1.32222,0.34649,0.6029,0.8,0.0,0.0
clean_combined,v24_seed42,FOXA3,0.63922,0.75234,0.625,0.80087,0.47619,0.22686,0.31357,0.26735,1.58127,0.97857,0.51137,0.8,0.0,0.0
clean_combined,v24_seed42,FOXB1,0.70246,0.80528,0.77528,0.84082,0.46377,0.14892,0.26902,0.17067,1.00259,0.4537,0.54881,0.77787,3.75,-3.0
clean_combined,v24_seed42,FOXC1,0.78983,0.87527,0.81976,0.89011,0.53475,0.12894,0.20597,0.13443,0.80773,0.53643,0.70835,0.89708,2.4,1.2
clean_combined,v24_seed42,FOXC2,0.508,0.74517,0.51667,0.81899,0.36134,0.17275,0.27998,0.20743,1.10575,0.47944,0.45274,0.9,1.4,-1.0
clean_combined,v24_seed42,FOXD1,0.79618,0.86992,0.85714,0.95238,0.72222,0.09931,0.21485,0.13249,0.69112,0.42921,0.79618,1.0,4.0,4.0
clean_combined,v24_seed42,FOXD2,0.7109,0.83505,0.75945,0.84632,0.49458,0.14556,0.23394,0.15781,0.92982,0.48379,0.58055,0.81826,1.5,-0.7
clean_combined,v24_seed42,FOXD3,0.5563,0.695,0.66667,0.74141,0.49848,0.22124,0.35205,0.31845,1.87081,0.62537,0.37087,0.66667,6.0,-6.0
clean_combined,v24_seed42,FOXE1,0.73373,0.86611,0.76905,0.90444,0.54286,0.11778,0.20004,0.10825,0.49821,0.48028,0.59464,0.81074,2.33333,-1.0
clean_combined,v24_seed42,FOXF1,0.99548,0.99724,1.0,1.0,0.75,0.02719,0.03741,0.01651,0.05672,0.24803,0.99548,1.0,4.0,4.0
clean_combined,v24_seed42,FOXF2,0.6099,0.85504,0.66667,0.94545,0.49167,0.10962,0.17917,0.10866,0.41217,0.41895,0.6099,1.0,2.0,2.0
clean_combined,v24_seed42,FOXG1,0.54189,0.72953,0.71429,0.68421,0.60417,0.18121,0.29898,0.24806,1.7795,0.61837,0.54189,1.0,3.0,3.0
clean_combined,v24_seed42,FOXI1,0.69531,0.82909,0.75934,0.86923,0.60599,0.13153,0.23407,0.15506,0.81988,0.47569,0.60463,0.84915,2.4,0.0
clean_combined,v24_seed42,FOXJ1,0.92796,0.92946,1.0,1.0,0.5,0.136,0.19191,0.13886,0.51061,0.92798,0.92796,1.0,4.0,4.0
clean_combined,v24_seed42,FOXJ2,0.70214,0.8199,0.74754,0.88394,0.41949,0.146,0.24859,0.17442,0.86355,0.52706,0.51894,0.74099,1.72727,0.63636
clean_combined,v24_seed42,FOXJ3,0.59747,0.77861,0.675,0.86853,0.36514,0.14956,0.26866,0.19125,1.02945,0.44803,0.53971,0.90558,1.88889,1.22222
clean_combined,v24_seed42,FOXK1,0.53285,0.73113,0.62963,0.82182,0.40025,0.18809,0.30054,0.24156,1.46353,0.61109,0.53285,1.0,5.66667,5.66667
clean_combined,v24_seed42,FOXK2,0.32531,0.7162,0.55556,0.78727,0.45833,0.17723,0.27771,0.20801,1.0454,0.44531,0.32531,1.0,1.5,1.5
clean_combined,v24_seed42,FOXL1,0.82418,0.89954,0.84387,0.92574,0.64504,0.11577,0.18765,0.11073,0.54695,0.51223,0.72355,0.87078,2.4,0.8
clean_combined,v24_seed42,FOXL2,0.83541,0.90052,0.80556,0.95178,0.60648,0.09698,0.18186,0.09963,0.50825,0.38128,0.69221,0.83333,0.33333,0.33333
clean_combined,v24_seed42,FOXM1,0.72639,0.85514,0.73333,0.81192,0.52421,0.1266,0.20902,0.12763,0.96362,0.40632,0.62637,0.86667,1.0,1.0
clean_combined,v24_seed42,FOXN2,0.31216,0.58713,0.45,0.72944,0.34583,0.24523,0.37962,0.32038,1.8156,0.55476,0.27741,0.9,5.0,2.0
clean_combined,v24_seed42,FOXN3,0.65284,0.76426,0.77778,0.88272,0.54074,0.17356,0.30539,0.23247,1.16546,0.72472,0.59309,0.91667,2.33333,2.33333
clean_combined,v24_seed42,FOXO1,0.81346,0.87935,0.85714,0.89425,0.67172,0.10883,0.20723,0.1232,0.93497,0.44438,0.78919,0.97403,4.09091,4.09091
clean_combined,v24_seed42,FOXO3,0.66316,0.84377,0.75,0.88647,0.5375,0.11876,0.2146,0.12583,0.70705,0.32587,0.66316,1.0,3.0,3.0
clean_combined,v24_seed42,FOXO4,0.73798,0.90043,0.75,0.87273,0.61667,0.10101,0.17628,0.09448,0.68638,0.46353,0.73798,1.0,2.0,2.0
clean_combined,v24_seed42,FOXO6,0.6337,0.7784,0.69405,0.89229,0.40111,0.17509,0.27332,0.21533,0.93892,0.82197,0.5219,0.79286,3.4,1.0
clean_combined,v24_seed42,FOXP1,0.62851,0.79865,0.71081,0.87716,0.38045,0.16019,0.2558,0.18226,0.87108,0.6938,0.52981,0.85979,6.33333,1.0
clean_combined,v24_seed42,FOXP2,0.67537,0.80701,0.71429,0.83447,0.6037,0.13497,0.24004,0.16083,1.28551,0.39435,0.67537,1.0,4.66667,4.66667
clean_combined,v24_seed42,FOXP3,0.54689,0.77294,0.65748,0.76234,0.3423,0.17921,0.25967,0.1833,0.96877,0.61182,0.48762,0.91228,2.78947,2.78947
clean_combined,v24_seed42,FOXP4,0.60657,0.81147,0.71429,0.93197,0.45,0.13358,0.23516,0.14046,0.67036,0.57019,0.60657,1.0,5.0,5.0
clean_combined,v24_seed42,FOXS1,0.85134,0.90971,0.875,0.98438,0.72222,0.08313,0.17224,0.06894,0.32505,0.35531,0.85134,1.0,3.0,3.0
clean_combined,v24_seed42,GABPA,0.69732,0.79565,0.77778,0.89712,0.67857,0.13935,0.28148,0.18164,0.9275,0.29564,0.69732,1.0,5.0,5.0
clean_combined,v24_seed42,GCN4,0.65619,0.77608,0.71429,0.85547,0.66354,0.17054,0.28323,0.21819,1.00942,0.61922,0.65619,1.0,5.625,5.625
clean_combined,v24_seed42,KLF14,0.88864,0.92929,0.92294,0.94906,0.51353,0.08117,0.15433,0.06585,0.35118,0.30769,0.81355,0.92098,2.42857,-0.42857
clean_combined,v24_seed42,KLF2,0.88217,0.92871,0.85069,0.99566,0.45994,0.07304,0.15252,0.05502,0.26988,0.29502,0.88217,1.0,3.75,3.75
clean_combined,v24_seed42,NFE2,0.76549,0.86417,0.7854,0.91596,0.79102,0.10747,0.21092,0.13068,0.70311,0.41967,0.73695,0.96104,1.90909,1.18182
clean_combined,v24_seed42,NFE2L1,0.67104,0.78692,0.72727,0.91185,0.72917,0.15065,0.28458,0.19574,0.86405,0.51624,0.52725,0.78571,2.0,-2.0
clean_combined,v24_seed42,NFE2L2,0.63446,0.81422,0.64747,0.88509,0.64155,0.14177,0.24707,0.15311,0.65477,0.42431,0.57134,0.9,0.4,0.4
clean_combined,v24_seed42,NPAS2,0.7316,0.87561,0.76786,0.90685,0.76,0.0919,0.18772,0.1096,0.82872,0.25874,0.52105,0.70833,4.4,-4.4
clean_combined,v24_seed42,P53,0.48911,0.72283,0.54241,0.76644,0.52497,0.19513,0.28787,0.22008,0.95631,0.4723,0.34734,0.71711,3.21053,-3.21053
clean_combined,v24_seed42,POU1F1,0.71582,0.81872,0.77778,0.81708,0.42722,0.16506,0.25943,0.18717,1.12439,0.71787,0.34075,0.47619,5.33333,-5.33333
clean_combined,v24_seed42,POU2F1,0.56517,0.73605,0.56151,0.85751,0.33044,0.18018,0.28859,0.21574,1.12953,0.49969,0.39501,0.7619,1.0,-0.71429
clean_combined,v24_seed42,POU2F1::SOX2,0.61574,0.80612,0.57143,0.89444,0.36667,0.14437,0.25399,0.16298,1.19383,0.51229,0.25354,0.41176,10.0,-10.0
clean_combined,v24_seed42,POU2F2,0.7558,0.87624,0.77778,0.92437,0.43651,0.11071,0.18846,0.09769,0.47681,0.48094,0.34883,0.46154,4.33333,-4.33333
clean_combined,v24_seed42,POU2F3,0.51445,0.66802,0.59524,0.78685,0.5125,0.2194,0.36356,0.29833,1.82174,0.65135,0.40013,0.77778,1.0,-1.0
clean_combined,v24_seed42,POU3F1,0.74898,0.85949,0.5,0.91406,0.29167,0.1347,0.20857,0.1246,0.57857,0.27167,0.44939,0.6,3.0,-3.0
clean_combined,v24_seed42,POU3F2,0.79863,0.87126,0.71429,0.94737,0.61667,0.13771,0.21342,0.11921,0.50914,0.46105,0.46587,0.58333,5.0,-5.0
clean_combined,v24_seed42,POU3F3,0.73703,0.83038,0.85714,0.81896,0.72857,0.15933,0.23871,0.18685,1.50577,0.67343,0.45749,0.62686,4.0,-3.71429
clean_combined,v24_seed42,POU3F4,0.77126,0.84751,0.8,0.87766,0.53397,0.13387,0.22786,0.16117,1.05128,0.62261,0.39487,0.51643,4.30769,-4.30769
clean_combined,v24_seed42,POU4F1,0.60281,0.80992,0.69286,0.83347,0.5381,0.15376,0.236,0.18396,1.04769,0.48905,0.38529,0.63874,3.85714,-3.85714
clean_combined,v24_seed42,POU4F2,0.71805,0.86302,0.79167,0.90103,0.59167,0.11791,0.19732,0.12975,0.70879,0.40942,0.35055,0.50952,6.0,-6.0
clean_combined,v24_seed42,POU4F3,0.5322,0.77891,0.65972,0.81217,0.53294,0.16519,0.25509,0.20409,1.15195,0.5223,0.35376,0.65975,4.25,-3.91667
clean_combined,v24_seed42,POU5F1,0.56558,0.73893,0.66488,0.83163,0.50207,0.18363,0.29279,0.21938,1.23162,0.5915,0.40566,0.7619,2.58333,2.58333
clean_combined,v24_seed42,POU5F1::SOX2,0.51866,0.69872,0.63194,0.68247,0.55997,0.2193,0.3226,0.26081,1.41923,0.73481,0.34444,0.67308,3.75,-3.75
clean_combined,v24_seed42,POU5F1B,0.58967,0.7463,0.66667,0.84809,0.575,0.17955,0.29002,0.22659,1.39299,0.58409,0.35988,0.60606,3.0,-3.0
clean_combined,v24_seed42,POU5F1P1,0.6681,0.78719,0.71286,0.83162,0.51262,0.17597,0.26227,0.20531,1.40484,0.68634,0.33447,0.50379,5.5,-5.5
clean_combined,v24_seed42,POU6F1,0.77565,0.86889,0.83333,0.96222,0.475,0.1131,0.20773,0.12955,0.527,0.54844,0.53077,0.69048,0.33333,0.33333
clean_combined,v24_seed42,POU6F2,0.85995,0.92854,0.87755,0.9601,0.64048,0.09574,0.1525,0.08285,0.44927,0.5183,0.67515,0.77523,2.57143,-1.71429
clean_combined,v24_seed42,SKN-1,0.41895,0.63598,0.625,0.71981,0.53333,0.23139,0.35329,0.30909,1.4626,0.64651,0.41895,1.0,5.0,5.0
clean_combined,v24_seed42,SP3,0.88402,0.92707,0.87208,0.9776,0.51427,0.07932,0.1552,0.06081,0.32359,0.31138,0.82557,0.93991,2.85714,1.14286
clean_combined,v24_seed42,SP5,0.86491,0.90484,0.91414,0.94997,0.38889,0.08716,0.19152,0.09639,0.59329,0.33821,0.6171,0.72352,6.33333,-3.0
clean_combined,v24_seed42,SP7,0.38373,0.61764,0.5,0.56303,0.39286,0.25032,0.37759,0.34963,2.97485,0.82081,0.17711,0.46154,0.0,0.0
clean_combined,v24_seed42,SPDEF,0.51515,0.68536,0.6,0.69231,0.52381,0.20394,0.34824,0.26881,1.86396,0.49859,0.51515,1.0,2.0,2.0
clean_combined,v24_seed42,THRA,0.83582,0.91413,0.75541,0.94997,0.75408,0.09496,0.16006,0.07746,0.38024,0.38629,0.48793,0.57821,5.28571,-3.85714
clean_combined,v24_seed42,THRB,0.5547,0.71623,0.62222,0.80845,0.62389,0.20805,0.31075,0.25283,1.29057,0.67374,0.25903,0.47778,8.6,-8.6
clean_combined,v24_seed42,TP53,0.38737,0.64683,0.47727,0.67091,0.45357,0.22721,0.34136,0.29508,1.41843,0.54532,0.21576,0.55556,6.75,-6.75
clean_combined,v24_seed42,TP63,0.35972,0.64828,0.50714,0.65771,0.46029,0.24262,0.34403,0.32928,1.69098,0.74443,0.19176,0.52381,8.57143,-8.57143
clean_combined,v24_seed42,TP73,0.39242,0.71781,0.54365,0.77547,0.55935,0.20229,0.28475,0.21625,0.91859,0.57779,0.22185,0.56696,6.92857,-6.92857
clean_combined,v24_seed42,ZBTB40,0.09628,0.41975,0.33333,0.53125,0.31696,0.33087,0.47337,0.50563,2.94261,0.83608,0.04714,0.5,5.5,-5.5
clean_combined,v24_ens5,CLOCK,0.76926,0.94175,0.85714,0.95625,0.86667,0.09376,0.13466,0.09374,0.30626,0.64336,0.59831,0.77778,0.25,-0.25
clean_combined,v24_ens5,EHF,0.70974,0.83638,0.79286,0.86167,0.68452,0.17154,0.22977,0.16576,0.6485,0.81684,0.67583,0.95527,3.14286,3.14286
clean_combined,v24_ens5,ELF1,0.56707,0.74608,0.7,0.6994,0.65179,0.22815,0.29229,0.24445,0.99679,1.05738,0.51552,0.90909,5.0,5.0
clean_combined,v24_ens5,ELF2,0.60465,0.77845,0.66964,0.84088,0.53958,0.21944,0.28332,0.23756,0.86814,1.01045,0.45485,0.75,3.5,3.5
clean_combined,v24_ens5,ELF3,0.71622,0.82738,0.8,0.84667,0.68651,0.18049,0.24573,0.19545,0.77133,0.9607,0.65111,0.90909,2.0,2.0
clean_combined,v24_ens5,ELF4,0.71359,0.81952,0.76932,0.83062,0.65516,0.1883,0.25314,0.19866,0.80637,0.96717,0.66686,0.93371,2.0,2.0
clean_combined,v24_ens5,ELF5,0.7195,0.8563,0.79284,0.81714,0.65334,0.15603,0.21284,0.14878,0.63006,0.7473,0.71423,0.99174,2.72727,2.72727
clean_combined,v24_ens5,ELK1,0.74649,0.81993,0.77778,0.95885,0.67857,0.1915,0.27221,0.21093,0.75645,1.08215,0.74649,1.0,4.0,4.0
clean_combined,v24_ens5,ELK3,0.68278,0.79998,0.73651,0.91096,0.60952,0.18629,0.2672,0.19856,0.73847,0.88198,0.6441,0.91667,2.4,2.4
clean_combined,v24_ens5,ELK4,0.66759,0.79669,0.75,0.84205,0.66429,0.19531,0.27054,0.2171,0.79216,0.93809,0.66759,1.0,4.75,4.75
clean_combined,v24_ens5,ERF,0.92982,0.92827,1.0,0.93125,0.75,0.14841,0.18166,0.1243,0.42357,0.87419,0.92982,1.0,6.0,6.0
clean_combined,v24_ens5,ERG,0.74818,0.83733,0.77778,0.87587,0.67857,0.18297,0.2408,0.18122,0.66495,0.90545,0.67336,0.9,4.0,4.0
clean_combined,v24_ens5,ETS1,0.71005,0.81896,0.76111,0.88827,0.66339,0.17855,0.25436,0.18796,0.694,0.84894,0.71005,1.0,4.25,4.25
clean_combined,v24_ens5,ETS2,0.84507,0.90801,0.77778,0.97917,0.67857,0.1459,0.18271,0.11409,0.40808,0.72705,0.76056,0.9,3.0,3.0
clean_combined,v24_ens5,ETV1,0.71108,0.8192,0.77778,0.91358,0.67857,0.17523,0.2555,0.19102,0.72688,0.85918,0.71108,1.0,4.0,4.0
clean_combined,v24_ens5,ETV2,0.72648,0.81579,0.78543,0.88166,0.66378,0.2003,0.25571,0.20967,0.74869,1.0122,0.69772,0.96374,3.14286,3.14286
clean_combined,v24_ens5,ETV3,0.66396,0.80699,0.73016,0.86217,0.62585,0.18574,0.24776,0.20237,0.72539,0.85636,0.49458,0.74114,4.0,-0.57143
clean_combined,v24_ens5,ETV4,0.78497,0.87436,0.875,0.9372,0.71429,0.15595,0.20761,0.15286,0.54767,0.84544,0.78497,1.0,6.0,6.0
clean_combined,v24_ens5,ETV5,0.68982,0.81581,0.77778,0.80556,0.67857,0.18098,0.24893,0.18418,0.7068,0.82148,0.68982,1.0,4.0,4.0
clean_combined,v24_ens5,ETV6,0.74503,0.84762,0.66667,0.89576,0.60417,0.176,0.22491,0.14616,0.57139,0.7976,0.67053,0.9,3.33333,3.33333
clean_combined,v24_ens5,ETV7,0.69835,0.83478,0.81628,0.84723,0.61302,0.17268,0.22408,0.17208,0.72521,0.75999,0.50417,0.7691,2.5,1.5
clean_combined,v24_ens5,EWSR1-FLI1,0.57986,0.69485,0.69231,0.83037,0.35897,0.26376,0.35644,0.34266,1.27994,1.37852,0.41879,0.72222,5.0,-5.0
clean_combined,v24_ens5,FEV,0.71122,0.7975,0.77778,0.90535,0.67857,0.20046,0.28314,0.23459,0.85537,1.05762,0.71122,1.0,4.0,4.0
clean_combined,v24_ens5,FLI1,0.59646,0.75923,0.66889,0.77524,0.58107,0.21647,0.27932,0.23725,0.90465,0.92033,0.52451,0.87,2.8,2.8
clean_combined,v24_ens5,FOXA1,0.7373,0.84164,0.85069,0.87143,0.66565,0.14256,0.2278,0.13302,0.66736,0.4533,0.60714,0.825,0.25,0.25
clean_combined,v24_ens5,FOXA2,0.72785,0.81897,0.75,0.79091,0.61667,0.15803,0.26501,0.18237,0.99962,0.45843,0.58228,0.8,0.0,0.0
clean_combined,v24_ens5,FOXA3,0.69584,0.79936,0.75,0.84541,0.61667,0.17117,0.27858,0.19784,1.0961,0.53968,0.55667,0.8,0.0,0.0
clean_combined,v24_ens5,FOXB1,0.62564,0.77085,0.63011,0.81574,0.35741,0.18206,0.28261,0.19763,0.90294,0.63787,0.48928,0.77787,3.75,-3.0
clean_combined,v24_ens5,FOXC1,0.78437,0.8717,0.80909,0.88953,0.52664,0.13681,0.19912,0.13383,0.58168,0.53999,0.70782,0.90542,2.4,1.2
clean_combined,v24_ens5,FOXC2,0.70802,0.85021,0.72,0.88472,0.53434,0.15749,0.21782,0.16218,0.64655,0.68515,0.63732,0.9,1.4,-1.0
clean_combined,v24_ens5,FOXD1,0.80336,0.8617,0.85714,0.92517,0.72222,0.13541,0.23814,0.15794,0.61377,0.65178,0.80336,1.0,4.0,4.0
clean_combined,v24_ens5,FOXD2,0.78484,0.86874,0.79986,0.87912,0.52132,0.13498,0.20161,0.13159,0.56941,0.48116,0.61516,0.78749,1.5,-0.7
clean_combined,v24_ens5,FOXD3,0.59368,0.75396,0.58333,0.8202,0.32143,0.20509,0.28894,0.24115,1.09994,0.79315,0.39578,0.66667,6.0,-6.0
clean_combined,v24_ens5,FOXE1,0.86789,0.9179,0.85238,0.91983,0.58646,0.12799,0.16974,0.11126,0.40696,0.70095,0.70424,0.81074,2.33333,-1.0
clean_combined,v24_ens5,FOXF1,0.98316,0.98379,1.0,1.0,0.75,0.07292,0.10308,0.05618,0.18487,0.56759,0.98316,1.0,4.0,4.0
clean_combined,v24_ens5,FOXF2,0.72941,0.89963,0.77778,0.94909,0.625,0.12316,0.17167,0.12339,0.42044,0.67938,0.72941,1.0,2.0,2.0
clean_combined,v24_ens5,FOXG1,0.72948,0.8252,0.85714,0.70175,0.72222,0.17518,0.2514,0.17816,0.94305,0.87466,0.72948,1.0,3.0,3.0
clean_combined,v24_ens5,FOXI1,0.72421,0.84944,0.76674,0.90325,0.5964,0.13912,0.21869,0.14713,0.60394,0.5488,0.64578,0.88551,2.4,0.0
clean_combined,v24_ens5,FOXJ1,0.89117,0.91256,0.85714,0.9932,0.47727,0.1493,0.19145,0.1325,0.44176,0.96092,0.89117,1.0,4.0,4.0
clean_combined,v24_ens5,FOXJ2,0.80351,0.88013,0.80086,0.9372,0.51678,0.13918,0.20007,0.14127,0.52729,0.69999,0.62917,0.76509,1.72727,0.63636
clean_combined,v24_ens5,FOXJ3,0.68368,0.82186,0.74722,0.87508,0.54068,0.17047,0.2407,0.18304,0.70908,0.7714,0.63286,0.92267,1.88889,1.22222
clean_combined,v24_ens5,FOXK1,0.56406,0.75033,0.66667,0.80485,0.47193,0.21361,0.28499,0.23599,0.94929,0.93645,0.56406,1.0,5.66667,5.66667
clean_combined,v24_ens5,FOXK2,0.61797,0.83393,0.74603,0.73729,0.43561,0.16513,0.23692,0.16274,0.74075,0.7566,0.55122,0.88889,1.5,1.5
clean_combined,v24_ens5,FOXL1,0.88439,0.93155,0.90245,0.92571,0.69877,0.11668,0.15926,0.1016,0.38806,0.61261,0.7737,0.87078,2.4,0.8
clean_combined,v24_ens5,FOXL2,0.75065,0.85513,0.75926,0.89513,0.61944,0.14837,0.22143,0.13508,0.60662,0.65506,0.62585,0.83333,0.33333,0.33333
clean_combined,v24_ens5,FOXM1,0.6797,0.81888,0.81667,0.75618,0.55348,0.15836,0.23883,0.15944,0.85642,0.48175,0.58383,0.86667,1.0,1.0
clean_combined,v24_ens5,FOXN2,0.33871,0.63256,0.45,0.71628,0.34583,0.25385,0.34014,0.29014,1.27426,0.79982,0.30218,0.9,5.0,2.0
clean_combined,v24_ens5,FOXN3,0.8063,0.84139,0.91667,0.92535,0.65152,0.18228,0.26883,0.20462,0.83486,1.02577,0.73038,0.91667,2.33333,2.33333
clean_combined,v24_ens5,FOXO1,0.78878,0.86949,0.84416,0.84848,0.69747,0.13723,0.21465,0.13848,0.71638,0.56512,0.78878,1.0,4.09091,4.09091
clean_combined,v24_ens5,FOXO3,0.714,0.84791,0.8125,0.86473,0.67197,0.14776,0.23234,0.15258,0.68167,0.55604,0.714,1.0,3.0,3.0
clean_combined,v24_ens5,FOXO4,0.88659,0.92976,0.875,0.9,0.72727,0.11503,0.16655,0.09886,0.44773,0.71771,0.88659,1.0,2.0,2.0
clean_combined,v24_ens5,FOXO6,0.63562,0.78019,0.72392,0.83047,0.58912,0.18884,0.28059,0.2206,0.92584,0.82653,0.58685,0.88571,3.4,1.0
clean_combined,v24_ens5,FOXP1,0.70139,0.83111,0.79015,0.84528,0.6279,0.16962,0.24088,0.16591,0.68411,0.72958,0.64464,0.89286,6.33333,1.0
clean_combined,v24_ens5,FOXP2,0.60257,0.78331,0.66667,0.81859,0.45278,0.17707,0.26678,0.19088,0.89675,0.72951,0.60257,1.0,4.66667,4.66667
clean_combined,v24_ens5,FOXP3,0.6214,0.83221,0.70409,0.80765,0.45523,0.17358,0.22521,0.14618,0.58125,0.70177,0.58262,0.94152,2.78947,2.78947
clean_combined,v24_ens5,FOXP4,0.81122,0.8679,0.85714,0.89796,0.72222,0.1359,0.22442,0.11917,0.51022,0.58035,0.81122,1.0,5.0,5.0
clean_combined,v24_ens5,FOXS1,0.72165,0.84591,0.75,0.94271,0.61667,0.12866,0.22192,0.10818,0.44438,0.41036,0.72165,1.0,3.0,3.0
clean_combined,v24_ens5,GABPA,0.72781,0.8175,0.77778,0.93416,0.67857,0.19078,0.26676,0.21412,0.787,1.04336,0.72781,1.0,5.0,5.0
clean_combined,v24_ens5,GCN4,0.70491,0.78516,0.77232,0.84957,0.69896,0.2048,0.27388,0.23279,0.8616,1.00378,0.6757,0.94643,5.625,5.625
clean_combined,v24_ens5,KLF14,0.94616,0.96884,0.93434,0.988,0.64631,0.0595,0.09627,0.03182,0.13641,0.25625,0.8716,0.92098,2.42857,-0.42857
clean_combined,v24_ens5,KLF2,0.93639,0.96582,0.85069,0.9987,0.45994,0.05474,0.09842,0.03038,0.13502,0.23556,0.93639,1.0,3.75,3.75
clean_combined,v24_ens5,NFE2,0.76634,0.88941,0.83333,0.95734,0.83501,0.12347,0.1912,0.12868,0.46568,0.70357,0.73218,0.95455,1.90909,1.18182
clean_combined,v24_ens5,NFE2L1,0.67491,0.81004,0.8,0.92667,0.78333,0.19393,0.2686,0.22033,0.76968,1.06131,0.48208,0.71429,2.0,-2.0
clean_combined,v24_ens5,NFE2L2,0.71972,0.85453,0.75011,0.89922,0.74688,0.1699,0.22606,0.15748,0.56212,0.85886,0.64638,0.9,0.4,0.4
clean_combined,v24_ens5,NPAS2,0.75496,0.88281,0.76429,0.90571,0.75738,0.11103,0.19245,0.12634,0.76952,0.48445,0.51513,0.68611,4.4,-4.4
clean_combined,v24_ens5,P53,0.40967,0.69598,0.52471,0.7088,0.48993,0.22912,0.29447,0.23925,0.91263,0.80572,0.29019,0.71711,3.21053,-3.21053
clean_combined,v24_ens5,POU1F1,0.71292,0.83994,0.75397,0.88281,0.4131,0.18072,0.23117,0.17063,0.63797,0.8993,0.3389,0.47619,5.33333,-5.33333
clean_combined,v24_ens5,POU2F1,0.65114,0.79536,0.69643,0.85881,0.38654,0.17149,0.24626,0.18369,0.79839,0.686,0.37619,0.66667,1.0,-0.71429
clean_combined,v24_ens5,POU2F1::SOX2,0.92983,0.92588,1.0,0.81818,0.5,0.14905,0.18525,0.11353,0.42129,0.8561,0.21878,0.23529,10.0,-10.0
clean_combined,v24_ens5,POU2F2,0.79045,0.90949,0.77778,0.90756,0.43651,0.12778,0.17117,0.10813,0.38791,0.65614,0.36482,0.46154,4.33333,-4.33333
clean_combined,v24_ens5,POU2F3,0.57447,0.69756,0.61905,0.84014,0.51667,0.22771,0.34403,0.28297,1.28516,0.92572,0.44681,0.77778,1.0,-1.0
clean_combined,v24_ens5,POU3F1,0.77444,0.86851,0.66667,0.92969,0.575,0.13121,0.19839,0.11277,0.479,0.42965,0.46466,0.6,3.0,-3.0
clean_combined,v24_ens5,POU3F2,0.67303,0.84269,0.57143,0.84211,0.55,0.1545,0.21015,0.13832,0.53848,0.54511,0.3926,0.58333,5.0,-5.0
clean_combined,v24_ens5,POU3F3,0.71572,0.84349,0.76871,0.85554,0.50799,0.15092,0.21899,0.15322,1.01383,0.5538,0.43642,0.61258,4.0,-3.71429
clean_combined,v24_ens5,POU3F4,0.71152,0.82351,0.73114,0.87406,0.49661,0.15411,0.23373,0.17698,0.88459,0.62745,0.37249,0.52876,4.30769,-4.30769
clean_combined,v24_ens5,POU4F1,0.61712,0.82418,0.65969,0.86574,0.43197,0.15616,0.22596,0.16107,0.80124,0.6242,0.37033,0.60394,3.85714,-3.85714
clean_combined,v24_ens5,POU4F2,0.64538,0.82706,0.64732,0.87811,0.41429,0.16449,0.2421,0.18676,0.82194,0.78667,0.35866,0.55536,6.0,-6.0
clean_combined,v24_ens5,POU4F3,0.5439,0.78718,0.62093,0.79757,0.40823,0.17736,0.25405,0.19782,1.07171,0.67097,0.33331,0.6165,4.25,-3.91667
clean_combined,v24_ens5,POU5F1,0.47133,0.67563,0.6125,0.77082,0.45064,0.24092,0.33265,0.27045,1.16194,0.93354,0.40745,0.86905,2.58333,2.58333
clean_combined,v24_ens5,POU5F1::SOX2,0.50537,0.7372,0.56647,0.73892,0.35929,0.19986,0.2839,0.20447,0.85916,0.66951,0.30958,0.61538,3.75,-3.75
clean_combined,v24_ens5,POU5F1B,0.59526,0.76727,0.66667,0.87833,0.575,0.17137,0.26649,0.19396,0.87951,0.62284,0.36386,0.60606,3.0,-3.0
clean_combined,v24_ens5,POU5F1P1,0.6602,0.79784,0.71286,0.83596,0.51262,0.17361,0.25103,0.18801,0.97734,0.70532,0.33215,0.50379,5.5,-5.5
clean_combined,v24_ens5,POU6F1,0.76416,0.85367,0.81111,0.9408,0.44583,0.16314,0.22964,0.16447,0.60518,0.91957,0.53631,0.71429,0.33333,0.33333
clean_combined,v24_ens5,POU6F2,0.87774,0.92082,0.85374,0.9542,0.59354,0.10557,0.16685,0.09804,0.48631,0.53197,0.68673,0.77523,2.57143,-1.71429
clean_combined,v24_ens5,SKN-1,0.37402,0.6523,0.625,0.67633,0.64167,0.23935,0.3298,0.31812,1.45053,0.88466,0.37402,1.0,5.0,5.0
clean_combined,v24_ens5,SP3,0.89831,0.93803,0.86109,0.97872,0.47667,0.06894,0.13798,0.04734,0.22467,0.24271,0.83935,0.93991,2.85714,1.14286
clean_combined,v24_ens5,SP5,0.79799,0.85332,0.8165,0.92184,0.31094,0.13285,0.22605,0.14827,0.60457,0.58324,0.56717,0.72352,6.33333,-3.0
clean_combined,v24_ens5,SP7,0.34548,0.59125,0.33333,0.56303,0.125,0.27063,0.38507,0.36319,2.7739,0.8243,0.15945,0.46154,0.0,0.0
clean_combined,v24_ens5,SPDEF,0.49904,0.70935,0.6,0.68091,0.52381,0.2111,0.31329,0.25493,1.14225,0.76826,0.49904,1.0,2.0,2.0
clean_combined,v24_ens5,THRA,0.70268,0.8291,0.75541,0.88485,0.75408,0.17751,0.24126,0.16705,0.63886,0.77192,0.41056,0.57821,5.28571,-3.85714
clean_combined,v24_ens5,THRB,0.64557,0.78504,0.74667,0.8983,0.63,0.21497,0.26542,0.20114,0.72486,0.90532,0.19248,0.3,8.6,-8.6
clean_combined,v24_ens5,TP53,0.36788,0.66701,0.52121,0.66144,0.51736,0.25085,0.31928,0.2839,1.09839,0.978,0.189,0.52778,6.75,-6.75
clean_combined,v24_ens5,TP63,0.40463,0.68604,0.55714,0.70001,0.48294,0.24508,0.31801,0.30428,1.1502,1.05196,0.2153,0.52381,8.57143,-8.57143
clean_combined,v24_ens5,TP73,0.34046,0.71044,0.55317,0.66721,0.57466,0.22253,0.28468,0.22471,0.8737,0.80536,0.18209,0.54911,6.92857,-6.92857
clean_combined,v24_ens5,ZBTB40,0.21433,0.54238,0.29167,0.66667,0.24702,0.30778,0.39577,0.38748,1.49992,1.24488,0.15128,0.7,5.5,-5.5
deeppbs20,random_uniform,CLOCK,0.0,0.56573,0.22222,0.5,0.09091,0.32669,0.39204,0.44615,1.63724,1.63724,0.0,1.0,1.0,1.0
deeppbs20,random_uniform,ELF3,0.0,0.60143,0.45455,0.5,0.15625,0.2963,0.35701,0.36467,1.35558,1.35557,0.0,1.0,3.0,3.0
deeppbs20,random_uniform,ELK4,0.0,0.59532,0.25,0.5,0.1,0.30111,0.36049,0.37263,1.38449,1.38449,0.0,1.0,6.0,6.0
deeppbs20,random_uniform,ERG,0.0,0.61459,0.3,0.5,0.11538,0.28325,0.34298,0.34113,1.2672,1.2672,0.0,1.0,4.0,4.0
deeppbs20,random_uniform,ETS1,0.0,0.58757,0.33333,0.5,0.125,0.30096,0.35741,0.36274,1.35802,1.35802,0.0,1.0,5.0,5.0
deeppbs20,random_uniform,ETS2,0.0,0.65363,0.3,0.5,0.11538,0.26543,0.31967,0.29256,1.09659,1.09659,0.0,1.0,4.0,4.0
deeppbs20,random_uniform,ETV1,0.0,0.58961,0.33333,0.5,0.125,0.30038,0.36014,0.37149,1.38221,1.38221,0.0,1.0,5.0,5.0
deeppbs20,random_uniform,ETV5,0.0,0.62427,0.33333,0.5,0.125,0.2812,0.34158,0.3407,1.26118,1.26118,0.0,1.0,5.0,5.0
deeppbs20,random_uniform,ETV6,0.0,0.63316,0.2,0.5,0.08333,0.27382,0.33253,0.30506,1.15793,1.15793,0.0,1.0,4.0,4.0
deeppbs20,random_uniform,FEV,0.0,0.56828,0.33333,0.5,0.125,0.31755,0.37772,0.41045,1.51987,1.51987,0.0,1.0,5.0,5.0
deeppbs20,random_uniform,FLI1,0.0,0.62057,0.3,0.5,0.11538,0.28122,0.33873,0.33453,1.24133,1.24133,0.0,1.0,4.0,4.0
deeppbs20,random_uniform,FOXA2,0.0,0.61311,0.22222,0.5,0.09091,0.28939,0.34397,0.36257,1.31927,1.31927,0.0,0.9,1.0,-1.0
deeppbs20,random_uniform,FOXA3,0.0,0.61971,0.11111,0.5,0.05,0.28406,0.34163,0.35262,1.28863,1.28863,0.0,0.9,1.0,-1.0
deeppbs20,random_uniform,FOXM1,0.0,0.65092,0.11111,0.5,0.05,0.26207,0.31032,0.27428,1.0385,1.0385,0.0,0.9,1.0,-1.0
deeppbs20,random_uniform,FOXO1,0.0,0.59015,0.14286,0.5,0.0625,0.29828,0.35664,0.35628,1.34206,1.34206,0.0,1.0,2.0,2.0
deeppbs20,random_uniform,FOXO3,0.0,0.59495,0.125,0.5,0.05556,0.30228,0.36067,0.36848,1.37675,1.37675,0.0,1.0,1.0,1.0
deeppbs20,random_uniform,FOXO4,0.0,0.63363,0.125,0.5,0.05556,0.27489,0.33599,0.32244,1.20396,1.20396,0.0,1.0,1.0,1.0
deeppbs20,random_uniform,FOXP2,0.0,0.58132,0.14286,0.5,0.0625,0.30343,0.35749,0.34844,1.32883,1.32883,0.0,1.0,2.0,2.0
deeppbs20,random_uniform,GABPA,0.0,0.5517,0.33333,0.5,0.125,0.32944,0.38539,0.41865,1.56219,1.56219,0.0,1.0,5.0,5.0
deeppbs20,random_uniform,P53,0.0,0.62656,0.25,0.5,0.1,0.27495,0.32257,0.28864,1.10142,1.10142,0.0,0.85714,2.0,-2.0
deeppbs20,random_train_pwm,CLOCK,0.43086,0.61397,0.55903,0.74608,0.50625,0.26162,0.39389,0.39125,2.24005,1.0234,0.32549,0.72222,1.0,1.0
deeppbs20,random_train_pwm,ELF3,0.49749,0.64602,0.66667,0.68487,0.375,0.20845,0.39303,0.36799,9.03976,0.35378,0.17172,0.81818,3.0,3.0
deeppbs20,random_train_pwm,ELK4,0.33596,0.59396,0.51786,0.67267,0.39732,0.25305,0.39097,0.38505,2.95501,0.76938,0.24037,0.8125,6.0,6.0
deeppbs20,random_train_pwm,ERG,0.4295,0.62755,0.57847,0.68571,0.50149,0.24046,0.38407,0.35912,4.71494,0.60814,0.37612,0.925,4.0,4.0
deeppbs20,random_train_pwm,ETS1,0.42234,0.6402,0.56492,0.73934,0.46024,0.23405,0.36689,0.33827,4.20231,0.65596,0.29165,0.83889,5.0,5.0
deeppbs20,random_train_pwm,ETS2,0.41745,0.63934,0.58333,0.71902,0.50417,0.24979,0.36514,0.32546,1.74199,0.82251,0.33094,0.8,4.0,4.0
deeppbs20,random_train_pwm,ETV1,0.56076,0.70505,0.6,0.89333,0.5,0.23356,0.34169,0.32365,1.75129,0.97802,0.31153,0.55556,5.0,5.0
deeppbs20,random_train_pwm,ETV5,0.3488,0.64489,0.55556,0.59375,0.475,0.25326,0.35783,0.33936,1.4686,0.81843,0.3488,1.0,5.0,5.0
deeppbs20,random_train_pwm,ETV6,0.40065,0.64181,0.54074,0.77513,0.40873,0.25561,0.37457,0.35881,3.57005,0.95271,0.24969,0.96667,4.0,4.0
deeppbs20,random_train_pwm,FEV,0.47827,0.61534,0.6,0.52667,0.41667,0.25141,0.41992,0.39397,3.00133,0.70344,0.26545,1.0,5.0,5.0
deeppbs20,random_train_pwm,FLI1,0.48886,0.6623,0.62381,0.72994,0.4874,0.23759,0.36121,0.34084,4.08829,0.77087,0.29718,0.86,4.0,4.0
deeppbs20,random_train_pwm,FOXA2,0.41592,0.63078,0.53333,0.71071,0.41111,0.23671,0.37613,0.35729,4.82972,0.63466,0.35727,0.86667,1.0,-1.0
deeppbs20,random_train_pwm,FOXA3,0.34714,0.63424,0.44444,0.69792,0.47619,0.2197,0.3567,0.30305,1.57039,0.46948,0.31243,0.9,1.0,-1.0
deeppbs20,random_train_pwm,FOXM1,0.27452,0.66267,0.46667,0.66534,0.25926,0.22515,0.30083,0.25041,1.08114,0.48954,0.16852,0.4,1.0,-1.0
deeppbs20,random_train_pwm,FOXO1,0.47387,0.64934,0.58766,0.73748,0.52132,0.2361,0.36962,0.33514,3.10284,0.7138,0.36479,0.79221,2.0,2.0
deeppbs20,random_train_pwm,FOXO3,0.53083,0.678,0.625,0.73898,0.55208,0.21062,0.35968,0.29485,2.54142,0.5167,0.35768,0.75,1.0,1.0
deeppbs20,random_train_pwm,FOXO4,0.6397,0.75252,0.8,0.90667,0.38095,0.23993,0.31292,0.28112,1.06097,1.33594,0.39981,0.625,1.0,1.0
deeppbs20,random_train_pwm,FOXP2,0.69003,0.72563,0.78333,0.94194,0.46944,0.23176,0.31335,0.27104,1.21141,1.09602,0.3136,0.66667,2.0,2.0
deeppbs20,random_train_pwm,GABPA,0.99102,0.99455,1.0,1.0,0.5,0.02862,0.04163,0.01457,0.06148,0.03686,0.27226,0.88889,5.0,5.0
deeppbs20,random_train_pwm,P53,0.36577,0.6126,0.51583,0.67087,0.4373,0.24909,0.37089,0.3388,4.05974,0.65391,0.22234,0.66447,2.0,-2.0
deeppbs20,B0_global,CLOCK,0.40199,0.55392,0.66667,0.69444,0.38095,0.3401,0.40169,0.46553,1.70648,1.7385,0.18633,0.55556,1.0,1.0
deeppbs20,B0_global,ELF3,0.69565,0.60912,0.85714,0.8875,0.61667,0.31848,0.37616,0.41477,1.49638,1.64251,0.44269,0.63636,3.0,3.0
deeppbs20,B0_global,ELK4,0.57087,0.6494,0.83333,0.71094,0.61667,0.28578,0.34252,0.35556,1.27119,1.38627,0.29593,0.625,6.0,6.0
deeppbs20,B0_global,ERG,0.55459,0.6347,0.71429,0.75625,0.53333,0.2923,0.34993,0.36028,1.30424,1.42039,0.38821,0.7,4.0,4.0
deeppbs20,B0_global,ETS1,0.5964,0.62955,0.83333,0.80672,0.61667,0.29381,0.35035,0.37216,1.33376,1.45359,0.25785,0.55556,5.0,5.0
deeppbs20,B0_global,ETS2,0.55985,0.64726,0.71429,0.85034,0.53333,0.28302,0.34187,0.3241,1.20158,1.31378,0.3919,0.7,4.0,4.0
deeppbs20,B0_global,ETV1,0.6052,0.62763,0.83333,0.87963,0.61667,0.29496,0.35365,0.37302,1.3422,1.46132,0.26569,0.55556,5.0,5.0
deeppbs20,B0_global,ETV5,0.56474,0.63877,0.83333,0.70312,0.61667,0.2939,0.34648,0.36352,1.30671,1.40923,0.25654,0.55556,5.0,5.0
deeppbs20,B0_global,ETV6,0.56274,0.62628,0.71429,0.85034,0.53333,0.29698,0.3539,0.34197,1.27656,1.38922,0.39392,0.7,4.0,4.0
deeppbs20,B0_global,FEV,0.61682,0.60185,0.83333,0.87963,0.61667,0.31559,0.37304,0.41519,1.48961,1.62234,0.26991,0.55556,5.0,5.0
deeppbs20,B0_global,FLI1,0.54661,0.63795,0.71429,0.7875,0.53333,0.28984,0.34649,0.35294,1.27793,1.39293,0.38262,0.7,4.0,4.0
deeppbs20,B0_global,FOXA2,0.66785,0.71537,0.4,0.9375,0.25,0.23588,0.27705,0.25301,0.90636,0.96259,0.40646,0.8,1.0,-1.0
deeppbs20,B0_global,FOXA3,0.68489,0.74364,0.6,0.9375,0.36667,0.21558,0.25927,0.21876,0.7876,0.83765,0.41281,0.8,1.0,-1.0
deeppbs20,B0_global,FOXM1,0.58441,0.76995,0.8,0.86869,0.5,0.19421,0.21977,0.16754,0.60522,0.6503,0.39591,0.8,1.0,-1.0
deeppbs20,B0_global,FOXO1,0.39315,0.62162,0.57143,0.72109,0.38095,0.28862,0.34722,0.33999,1.27003,1.33265,0.39315,1.0,2.0,2.0
deeppbs20,B0_global,FOXO3,0.3992,0.62548,0.625,0.75362,0.38889,0.29237,0.35124,0.35228,1.30349,1.36809,0.3992,1.0,1.0,1.0
deeppbs20,B0_global,FOXO4,0.32716,0.65773,0.625,0.65909,0.38889,0.26798,0.32839,0.3103,1.14951,1.1953,0.32716,1.0,1.0,1.0
deeppbs20,B0_global,FOXP2,0.36175,0.6106,0.57143,0.72109,0.38095,0.29377,0.34884,0.33424,1.2627,1.31942,0.36175,1.0,2.0,2.0
deeppbs20,B0_global,GABPA,0.63262,0.59205,0.83333,0.87963,0.61667,0.32636,0.38254,0.42832,1.54567,1.68383,0.26957,0.55556,5.0,5.0
deeppbs20,B0_global,P53,0.22132,0.65249,0.33333,0.55273,0.33333,0.26295,0.3068,0.26199,0.99935,1.01052,0.14228,0.64286,2.0,-2.0
deeppbs20,B0_family,CLOCK,0.5577,0.70612,0.66667,0.84231,0.65833,0.27291,0.34081,0.34567,1.20422,1.47756,0.5577,1.0,1.0,1.0
deeppbs20,B0_family,ELF3,0.65478,0.84003,0.72727,0.85677,0.6375,0.12576,0.20319,0.1284,0.61563,0.47118,0.65478,1.0,3.0,3.0
deeppbs20,B0_family,ELK4,0.62352,0.77676,0.75,0.84545,0.66429,0.15661,0.27023,0.19388,0.92163,0.43631,0.62352,1.0,6.0,6.0
deeppbs20,B0_family,ERG,0.7347,0.85052,0.8,0.87464,0.68651,0.12188,0.21095,0.12968,0.59938,0.3564,0.7347,1.0,4.0,4.0
deeppbs20,B0_family,ETS1,0.6769,0.80672,0.77778,0.89231,0.67857,0.14252,0.25221,0.16989,0.8268,0.3809,0.6769,1.0,5.0,5.0
deeppbs20,B0_family,ETS2,0.80332,0.90432,0.8,0.94017,0.68651,0.10324,0.15565,0.08,0.37749,0.28763,0.80332,1.0,4.0,4.0
deeppbs20,B0_family,ETV1,0.68234,0.8058,0.77778,0.9177,0.67857,0.14283,0.25818,0.17643,0.8418,0.45448,0.68234,1.0,5.0,5.0
deeppbs20,B0_family,ETV5,0.67181,0.80399,0.77778,0.80903,0.67857,0.15266,0.25236,0.17046,0.86841,0.4784,0.67181,1.0,5.0,5.0
deeppbs20,B0_family,ETV6,0.72728,0.86507,0.7,0.92857,0.61667,0.11615,0.18762,0.10204,0.48975,0.32698,0.72728,1.0,4.0,4.0
deeppbs20,B0_family,FEV,0.6836,0.80319,0.77778,0.9177,0.67857,0.14039,0.26533,0.19046,0.85566,0.49218,0.6836,1.0,5.0,5.0
deeppbs20,B0_family,FLI1,0.75178,0.86047,0.8,0.90028,0.68651,0.11659,0.20333,0.12484,0.57391,0.34028,0.75178,1.0,4.0,4.0
deeppbs20,B0_family,FOXA2,0.52252,0.76898,0.55556,0.78472,0.44167,0.21164,0.28351,0.23105,0.98538,0.82258,0.47027,0.9,1.0,-1.0
deeppbs20,B0_family,FOXA3,0.54415,0.78169,0.66667,0.8,0.55682,0.2045,0.27648,0.21779,0.93312,0.80137,0.48974,0.9,1.0,-1.0
deeppbs20,B0_family,FOXM1,0.53579,0.79268,0.66667,0.74582,0.55682,0.1817,0.24781,0.16679,0.75183,0.5414,0.48221,0.9,1.0,-1.0
deeppbs20,B0_family,FOXO1,0.69531,0.80519,0.71429,0.82313,0.60417,0.2015,0.26313,0.19284,0.86955,0.80964,0.69531,1.0,2.0,2.0
deeppbs20,B0_family,FOXO3,0.66861,0.77789,0.71429,0.82313,0.60417,0.22313,0.28937,0.23612,1.00484,0.97545,0.58504,0.875,1.0,1.0
deeppbs20,B0_family,FOXO4,0.74518,0.84449,0.71429,0.90058,0.60417,0.19048,0.24019,0.18212,0.70842,0.89163,0.65203,0.875,1.0,1.0
deeppbs20,B0_family,FOXP2,0.68655,0.79818,0.71429,0.82313,0.60417,0.20174,0.26568,0.18704,0.85116,0.77287,0.68655,1.0,2.0,2.0
deeppbs20,B0_family,GABPA,0.69727,0.8146,0.77778,0.9177,0.67857,0.13594,0.25233,0.16874,0.76315,0.49802,0.69727,1.0,5.0,5.0
deeppbs20,B0_family,P53,0.22132,0.65249,0.33333,0.55273,0.33333,0.26295,0.3068,0.26199,0.99935,1.01052,0.14228,0.64286,2.0,-2.0
deeppbs20,B1_nearest_pwm,CLOCK,0.57491,0.76342,0.63542,0.90394,0.63542,0.15001,0.29184,0.20574,0.91532,0.51511,0.52848,1.0,1.0,1.0
deeppbs20,B1_nearest_pwm,ELF3,0.74564,0.87549,0.81818,0.86458,0.69156,0.12729,0.18919,0.1278,1.91489,0.57394,0.74564,1.0,3.0,3.0
deeppbs20,B1_nearest_pwm,ELK4,0.45927,0.59542,0.6,0.63333,0.36667,0.24175,0.44765,0.42998,6.68085,0.38097,0.07057,0.75,6.0,6.0
deeppbs20,B1_nearest_pwm,ERG,0.31962,0.61022,0.4,0.79762,0.26667,0.26612,0.36769,0.3367,2.29484,1.01636,0.1416,0.9,4.0,4.0
deeppbs20,B1_nearest_pwm,ETS1,0.64004,0.80039,0.72222,0.89231,0.65476,0.1565,0.26039,0.17659,0.86559,0.5195,0.64004,1.0,5.0,5.0
deeppbs20,B1_nearest_pwm,ETS2,0.74086,0.883,0.7,0.94872,0.65179,0.13156,0.18806,0.11611,0.45599,0.63238,0.74086,1.0,4.0,4.0
deeppbs20,B1_nearest_pwm,ETV1,0.55437,0.74772,0.5,0.91667,0.375,0.21119,0.29792,0.2335,1.79617,0.96452,0.10666,0.33333,5.0,5.0
deeppbs20,B1_nearest_pwm,ETV5,0.42128,0.61534,0.66667,0.6,0.41667,0.24686,0.39227,0.3718,2.71525,0.57025,0.09581,1.0,5.0,5.0
deeppbs20,B1_nearest_pwm,ETV6,0.28875,0.50955,0.5,0.64881,0.45417,0.30552,0.45404,0.44857,2.95708,0.80959,0.1967,0.4,4.0,4.0
deeppbs20,B1_nearest_pwm,FEV,0.51395,0.65928,0.66667,0.80247,0.625,0.22728,0.38917,0.38203,6.17155,0.77961,0.51395,1.0,5.0,5.0
deeppbs20,B1_nearest_pwm,FLI1,0.5923,0.73801,0.67857,0.76423,0.66417,0.1786,0.31876,0.24942,1.79924,0.45283,0.46822,0.87,4.0,4.0
deeppbs20,B1_nearest_pwm,FOXA2,0.45856,0.67576,0.44444,0.76042,0.37778,0.21118,0.35164,0.26252,1.68662,0.44737,0.4127,0.9,1.0,-1.0
deeppbs20,B1_nearest_pwm,FOXA3,0.46657,0.68754,0.55556,0.82545,0.5,0.20641,0.34458,0.24889,1.58226,0.43645,0.41991,0.9,1.0,-1.0
deeppbs20,B1_nearest_pwm,FOXM1,0.96251,0.97044,1.0,1.0,0.5,0.06173,0.11909,0.04514,0.26462,0.35754,0.28875,0.3,1.0,-1.0
deeppbs20,B1_nearest_pwm,FOXO1,0.81689,0.87476,0.82143,0.94724,0.52165,0.0972,0.16309,0.10644,0.83027,0.37408,0.33633,0.88312,2.0,2.0
deeppbs20,B1_nearest_pwm,FOXO3,0.66156,0.78758,0.6875,0.85507,0.50739,0.18363,0.26383,0.22186,1.2012,0.71552,0.57905,0.875,1.0,1.0
deeppbs20,B1_nearest_pwm,FOXO4,0.61286,0.72824,0.66667,0.90625,0.66667,0.17884,0.33472,0.2539,5.55156,0.616,0.34193,1.0,1.0,1.0
deeppbs20,B1_nearest_pwm,FOXP2,0.67885,0.79254,0.71429,0.88209,0.39286,0.14387,0.24438,0.19787,1.30697,0.35594,0.42888,0.90476,2.0,2.0
deeppbs20,B1_nearest_pwm,GABPA,0.3989,0.6278,0.55556,0.76132,0.50952,0.23928,0.37512,0.33178,1.87817,0.77981,0.3989,1.0,5.0,5.0
deeppbs20,B1_nearest_pwm,P53,0.40767,0.61218,0.59188,0.68413,0.57675,0.25528,0.39106,0.37957,8.48668,0.73924,0.28311,0.74812,2.0,-2.0
deeppbs20,v24_seed42,CLOCK,0.83585,0.97359,0.85714,0.98438,0.86667,0.03484,0.06748,0.0287,0.09651,0.24766,0.65011,0.77778,0.25,-0.25
deeppbs20,v24_seed42,ELF3,0.60038,0.77926,0.6,0.86,0.36508,0.14881,0.2655,0.17625,0.84505,0.51666,0.5458,0.90909,2.0,2.0
deeppbs20,v24_seed42,ELK4,0.63219,0.76565,0.75,0.83977,0.66429,0.16242,0.29505,0.21166,1.12387,0.51451,0.63219,1.0,4.75,4.75
deeppbs20,v24_seed42,ERG,0.71512,0.82389,0.77778,0.88194,0.67857,0.1316,0.2426,0.14617,0.75738,0.28161,0.64361,0.9,4.0,4.0
deeppbs20,v24_seed42,ETS1,0.69723,0.8105,0.77222,0.87288,0.66994,0.15219,0.26101,0.17587,0.88094,0.4679,0.69723,1.0,4.25,4.25
deeppbs20,v24_seed42,ETS2,0.81573,0.90181,0.77778,0.95833,0.67857,0.10778,0.17102,0.09146,0.45751,0.38847,0.73416,0.9,3.0,3.0
deeppbs20,v24_seed42,ETV1,0.69177,0.80245,0.77778,0.9177,0.67857,0.15442,0.27066,0.18718,0.95402,0.51553,0.69177,1.0,4.0,4.0
deeppbs20,v24_seed42,ETV5,0.58433,0.75369,0.66667,0.77083,0.54762,0.18469,0.28629,0.20769,1.09847,0.62183,0.58433,1.0,4.0,4.0
deeppbs20,v24_seed42,ETV6,0.7137,0.83802,0.66667,0.93212,0.60417,0.11878,0.22126,0.11198,0.57974,0.27941,0.64233,0.9,3.33333,3.33333
deeppbs20,v24_seed42,FEV,0.70292,0.80867,0.77778,0.92593,0.67857,0.14509,0.27044,0.19018,0.84372,0.50595,0.70292,1.0,4.0,4.0
deeppbs20,v24_seed42,FLI1,0.52381,0.71175,0.61889,0.78581,0.5253,0.19272,0.30921,0.24614,1.39437,0.51961,0.44758,0.85,2.8,2.8
deeppbs20,v24_seed42,FOXA2,0.75362,0.85528,0.875,0.83788,0.72222,0.10803,0.22745,0.15363,1.32222,0.34649,0.6029,0.8,0.0,0.0
deeppbs20,v24_seed42,FOXA3,0.63922,0.75234,0.625,0.80087,0.47619,0.22686,0.31357,0.26735,1.58127,0.97857,0.51137,0.8,0.0,0.0
deeppbs20,v24_seed42,FOXM1,0.72639,0.85514,0.73333,0.81192,0.52421,0.1266,0.20902,0.12763,0.96362,0.40632,0.62637,0.86667,1.0,1.0
deeppbs20,v24_seed42,FOXO1,0.81346,0.87935,0.85714,0.89425,0.67172,0.10883,0.20723,0.1232,0.93497,0.44438,0.78919,0.97403,4.09091,4.09091
deeppbs20,v24_seed42,FOXO3,0.66316,0.84377,0.75,0.88647,0.5375,0.11876,0.2146,0.12583,0.70705,0.32587,0.66316,1.0,3.0,3.0
deeppbs20,v24_seed42,FOXO4,0.73798,0.90043,0.75,0.87273,0.61667,0.10101,0.17628,0.09448,0.68638,0.46353,0.73798,1.0,2.0,2.0
deeppbs20,v24_seed42,FOXP2,0.67537,0.80701,0.71429,0.83447,0.6037,0.13497,0.24004,0.16083,1.28551,0.39435,0.67537,1.0,4.66667,4.66667
deeppbs20,v24_seed42,GABPA,0.69732,0.79565,0.77778,0.89712,0.67857,0.13935,0.28148,0.18164,0.9275,0.29564,0.69732,1.0,5.0,5.0
deeppbs20,v24_seed42,P53,0.48911,0.72283,0.54241,0.76644,0.52497,0.19513,0.28787,0.22008,0.95631,0.4723,0.34734,0.71711,3.21053,-3.21053
deeppbs20,v24_ens5,CLOCK,0.76926,0.94175,0.85714,0.95625,0.86667,0.09376,0.13466,0.09374,0.30626,0.64336,0.59831,0.77778,0.25,-0.25
deeppbs20,v24_ens5,ELF3,0.71622,0.82738,0.8,0.84667,0.68651,0.18049,0.24573,0.19545,0.77133,0.9607,0.65111,0.90909,2.0,2.0
deeppbs20,v24_ens5,ELK4,0.66759,0.79669,0.75,0.84205,0.66429,0.19531,0.27054,0.2171,0.79216,0.93809,0.66759,1.0,4.75,4.75
deeppbs20,v24_ens5,ERG,0.74818,0.83733,0.77778,0.87587,0.67857,0.18297,0.2408,0.18122,0.66495,0.90545,0.67336,0.9,4.0,4.0
deeppbs20,v24_ens5,ETS1,0.71005,0.81896,0.76111,0.88827,0.66339,0.17855,0.25436,0.18796,0.694,0.84894,0.71005,1.0,4.25,4.25
deeppbs20,v24_ens5,ETS2,0.84507,0.90801,0.77778,0.97917,0.67857,0.1459,0.18271,0.11409,0.40808,0.72705,0.76056,0.9,3.0,3.0
deeppbs20,v24_ens5,ETV1,0.71108,0.8192,0.77778,0.91358,0.67857,0.17523,0.2555,0.19102,0.72688,0.85918,0.71108,1.0,4.0,4.0
deeppbs20,v24_ens5,ETV5,0.68982,0.81581,0.77778,0.80556,0.67857,0.18098,0.24893,0.18418,0.7068,0.82148,0.68982,1.0,4.0,4.0
deeppbs20,v24_ens5,ETV6,0.74503,0.84762,0.66667,0.89576,0.60417,0.176,0.22491,0.14616,0.57139,0.7976,0.67053,0.9,3.33333,3.33333
deeppbs20,v24_ens5,FEV,0.71122,0.7975,0.77778,0.90535,0.67857,0.20046,0.28314,0.23459,0.85537,1.05762,0.71122,1.0,4.0,4.0
deeppbs20,v24_ens5,FLI1,0.59646,0.75923,0.66889,0.77524,0.58107,0.21647,0.27932,0.23725,0.90465,0.92033,0.52451,0.87,2.8,2.8
deeppbs20,v24_ens5,FOXA2,0.72785,0.81897,0.75,0.79091,0.61667,0.15803,0.26501,0.18237,0.99962,0.45843,0.58228,0.8,0.0,0.0
deeppbs20,v24_ens5,FOXA3,0.69584,0.79936,0.75,0.84541,0.61667,0.17117,0.27858,0.19784,1.0961,0.53968,0.55667,0.8,0.0,0.0
deeppbs20,v24_ens5,FOXM1,0.6797,0.81888,0.81667,0.75618,0.55348,0.15836,0.23883,0.15944,0.85642,0.48175,0.58383,0.86667,1.0,1.0
deeppbs20,v24_ens5,FOXO1,0.78878,0.86949,0.84416,0.84848,0.69747,0.13723,0.21465,0.13848,0.71638,0.56512,0.78878,1.0,4.09091,4.09091
deeppbs20,v24_ens5,FOXO3,0.714,0.84791,0.8125,0.86473,0.67197,0.14776,0.23234,0.15258,0.68167,0.55604,0.714,1.0,3.0,3.0
deeppbs20,v24_ens5,FOXO4,0.88659,0.92976,0.875,0.9,0.72727,0.11503,0.16655,0.09886,0.44773,0.71771,0.88659,1.0,2.0,2.0
deeppbs20,v24_ens5,FOXP2,0.60257,0.78331,0.66667,0.81859,0.45278,0.17707,0.26678,0.19088,0.89675,0.72951,0.60257,1.0,4.66667,4.66667
deeppbs20,v24_ens5,GABPA,0.72781,0.8175,0.77778,0.93416,0.67857,0.19078,0.26676,0.21412,0.787,1.04336,0.72781,1.0,5.0,5.0
deeppbs20,v24_ens5,P53,0.40967,0.69598,0.52471,0.7088,0.48993,0.22912,0.29447,0.23925,0.91263,0.80572,0.29019,0.71711,3.21053,-3.21053
deeppbs20,deeppbs,CLOCK,0.79905,0.94324,0.88889,0.97308,0.86667,0.07893,0.1265,0.06912,0.24131,0.46128,0.79905,1.0,5.0,5.0
deeppbs20,deeppbs,ELF3,0.47632,0.80993,0.63636,0.85156,0.64167,0.16015,0.23136,0.1556,0.5964,0.71597,0.47632,1.0,4.0,4.0
deeppbs20,deeppbs,ELK4,0.62106,0.79372,0.625,0.87727,0.50595,0.15927,0.2607,0.16637,0.69304,0.61121,0.62106,1.0,3.0,3.0
deeppbs20,deeppbs,ERG,0.79428,0.88254,0.8,0.89744,0.63889,0.11616,0.18262,0.10415,0.37743,0.50768,0.79428,1.0,2.0,2.0
deeppbs20,deeppbs,ETS1,0.61054,0.79333,0.55556,0.91538,0.47619,0.179,0.25653,0.17571,0.67553,0.68358,0.61054,1.0,16.0,16.0
deeppbs20,deeppbs,ETS2,0.84195,0.91958,0.9,0.94017,0.83333,0.08852,0.14338,0.07442,0.26404,0.39028,0.84195,1.0,0.0,0.0
deeppbs20,deeppbs,ETV1,0.79015,0.8691,0.77778,0.95473,0.80417,0.13536,0.20644,0.13169,0.46629,0.68405,0.79015,1.0,1.0,1.0
deeppbs20,deeppbs,ETV5,0.80883,0.88863,0.88889,0.87153,0.91429,0.13017,0.1913,0.12185,0.43307,0.58977,0.80883,1.0,0.0,0.0
deeppbs20,deeppbs,ETV6,0.73178,0.86913,0.6,0.94048,0.61905,0.11852,0.19455,0.10626,0.39456,0.44371,0.73178,1.0,3.0,3.0
deeppbs20,deeppbs,FEV,0.8626,0.8947,0.88889,0.97942,0.83333,0.12417,0.19877,0.12784,0.44197,0.69988,0.8626,1.0,1.0,1.0
deeppbs20,deeppbs,FLI1,0.79319,0.878,0.8,0.88319,0.63889,0.12216,0.19372,0.11495,0.41749,0.4996,0.79319,1.0,1.0,1.0
deeppbs20,deeppbs,FOXA2,0.68839,0.83923,0.7,0.86538,0.72348,0.16028,0.22234,0.16831,0.66734,0.69287,0.68839,1.0,6.0,6.0
deeppbs20,deeppbs,FOXA3,0.64185,0.78935,0.6,0.83191,0.47348,0.1998,0.26631,0.2036,0.78295,0.87096,0.64185,1.0,3.0,3.0
deeppbs20,deeppbs,FOXM1,0.52909,0.77413,0.6,0.78133,0.51667,0.18435,0.24957,0.17022,0.7202,0.6198,0.52909,1.0,9.0,9.0
deeppbs20,deeppbs,FOXO1,0.79449,0.88174,0.85714,0.91837,0.88095,0.14561,0.19957,0.13131,0.52007,0.76049,0.79449,1.0,9.0,9.0
deeppbs20,deeppbs,FOXO3,0.5492,0.73292,0.625,0.78261,0.47917,0.24358,0.30555,0.26708,0.97076,1.04012,0.5492,1.0,5.0,5.0
deeppbs20,deeppbs,FOXO4,0.7312,0.9092,0.75,0.95,0.77083,0.10853,0.15627,0.08754,0.34099,0.56853,0.7312,1.0,5.0,5.0
deeppbs20,deeppbs,FOXP2,0.67399,0.79816,0.71429,0.91156,0.79167,0.19108,0.25646,0.18732,0.6776,0.84962,0.67399,1.0,12.0,12.0
deeppbs20,deeppbs,GABPA,0.7598,0.82298,0.77778,0.93827,0.74762,0.17921,0.25323,0.18273,0.65228,0.94482,0.7598,1.0,11.0,11.0
deeppbs20,deeppbs,P53,0.38038,0.63882,0.5,0.64103,0.41111,0.23497,0.3339,0.27372,1.27491,0.70032,0.38038,1.0,6.0,6.0
